Id,metric_alias_metrics_view_graph_0,metric_alias_metrics_view_graph_1,metric_alias_metrics_view_graph_2,metric_alias_metrics_view_graph_3,metric_alias_metrics_view_graph_4,metric_alias_metrics_view_graph_5,metric_alias_metrics_view_graph_6,metric_alias_metrics_view_graph_7,metric_alias_metrics_view_graph_8,metric_alias_metrics_view_graph_9,metric_alias_metrics_view_graph_10,metric_alias_metrics_view_graph_11,metric_alias_metrics_view_graph_12,metric_alias_metrics_view_graph_13,metric_alias_metrics_view_graph_14,metric_alias_metrics_view_graph_15,metric_alias_metrics_view_graph_16,metric_alias_metrics_view_graph_17,metric_alias_metrics_view_graph_18,metric_alias_metrics_view_graph_19,metric_alias_metrics_view_graph_20,metric_alias_metrics_view_graph_21,metric_alias_metrics_view_graph_22,metric_alias_metrics_view_graph_23
StatusCode,Complete,Complete,Complete,Complete,Complete,Complete,Complete,Complete,Complete,Complete,Complete,Complete,Complete,Complete,Complete,Complete,Complete,Complete,Complete,Complete,Complete,Complete,Complete,Complete
Messages,,,,,,,,,,,,,,,,,,,,,,,,
Full label,us-east-1:CWAgent device:tmpfs fstype:tmpfs InstanceId:i-01479d7360522665e path:/sys/fs/cgroup disk_used_percent Average 60,us-east-1:CWAgent device:tmpfs fstype:tmpfs InstanceId:i-01479d7360522665e path:/dev/shm disk_used_percent Average 60,us-east-1:CWAgent device:nvme0n1p1 fstype:xfs InstanceId:i-01479d7360522665e path:/ disk_used_percent Average 60,us-east-1:CWAgent device:tmpfs fstype:tmpfs InstanceId:i-01479d7360522665e path:/run/user/1000 disk_used_percent Average 60,us-east-1:CWAgent device:tmpfs fstype:tmpfs InstanceId:i-01479d7360522665e path:/run disk_used_percent Average 60,us-east-1:CWAgent device:devtmpfs fstype:devtmpfs InstanceId:i-01479d7360522665e path:/dev disk_used_percent Average 60,us-east-1:CWAgent device:tmpfs fstype:tmpfs InstanceId:i-01479d7360522665e path:/run/user/0 disk_used_percent Average 60,us-east-1:CWAgent device:loop3 fstype:squashfs InstanceId:i-0125c77cb7bd8eef2 path:/snap/lxd/31335 disk_used_percent Average 60,us-east-1:CWAgent device:tmpfs fstype:tmpfs InstanceId:i-0125c77cb7bd8eef2 path:/run/lock disk_used_percent Average 60,us-east-1:CWAgent device:loop7 fstype:squashfs InstanceId:i-0125c77cb7bd8eef2 path:/snap/lxd/36930 disk_used_percent Average 60,us-east-1:CWAgent device:loop6 fstype:squashfs InstanceId:i-0125c77cb7bd8eef2 path:/snap/amazon-ssm-agent/12323 disk_used_percent Average 60,us-east-1:CWAgent device:tmpfs fstype:tmpfs InstanceId:i-0125c77cb7bd8eef2 path:/run/user/1000 disk_used_percent Average 60,us-east-1:CWAgent device:efivarfs fstype:efivarfs InstanceId:i-0125c77cb7bd8eef2 path:/sys/firmware/efi/efivars disk_used_percent Average 60,us-east-1:CWAgent device:loop2 fstype:squashfs InstanceId:i-0125c77cb7bd8eef2 path:/snap/core22/2049 disk_used_percent Average 60,us-east-1:CWAgent device:loop4 fstype:squashfs InstanceId:i-0125c77cb7bd8eef2 path:/snap/snapd/24787 disk_used_percent Average 60,us-east-1:CWAgent device:nvme0n1p1 fstype:ext4 InstanceId:i-0125c77cb7bd8eef2 path:/ disk_used_percent Average 60,us-east-1:CWAgent device:tmpfs fstype:tmpfs InstanceId:i-0125c77cb7bd8eef2 path:/dev/shm disk_used_percent Average 60,us-east-1:CWAgent device:loop0 fstype:squashfs InstanceId:i-0125c77cb7bd8eef2 path:/snap/amazon-ssm-agent/11798 disk_used_percent Average 60,us-east-1:CWAgent device:loop5 fstype:squashfs InstanceId:i-0125c77cb7bd8eef2 path:/snap/snapd/25939 disk_used_percent Average 60,us-east-1:CWAgent device:tmpfs fstype:tmpfs InstanceId:i-0125c77cb7bd8eef2 path:/run/snapd/ns disk_used_percent Average 60,us-east-1:CWAgent device:tmpfs fstype:tmpfs InstanceId:i-0125c77cb7bd8eef2 path:/run disk_used_percent Average 60,us-east-1:CWAgent device:nvme0n1p15 fstype:vfat InstanceId:i-0125c77cb7bd8eef2 path:/boot/efi disk_used_percent Average 60,us-east-1:CWAgent device:devtmpfs fstype:devtmpfs InstanceId:i-0125c77cb7bd8eef2 path:/dev disk_used_percent Average 60,us-east-1:CWAgent device:loop1 fstype:squashfs InstanceId:i-0125c77cb7bd8eef2 path:/snap/core20/2603 disk_used_percent Average 60
Label,tmpfs tmpfs i-01479d7360522665e (mysql-server) /sys/fs/cgroup,tmpfs tmpfs i-01479d7360522665e (mysql-server) /dev/shm,nvme0n1p1 xfs i-01479d7360522665e (mysql-server) /,tmpfs tmpfs i-01479d7360522665e (mysql-server) /run/user/1000,tmpfs tmpfs i-01479d7360522665e (mysql-server) /run,devtmpfs devtmpfs i-01479d7360522665e (mysql-server) /dev,tmpfs tmpfs i-01479d7360522665e (mysql-server) /run/user/0,loop3 squashfs i-0125c77cb7bd8eef2 (sysbench-client) /snap/lxd/31335,tmpfs tmpfs i-0125c77cb7bd8eef2 (sysbench-client) /run/lock,loop7 squashfs i-0125c77cb7bd8eef2 (sysbench-client) /snap/lxd/36930,loop6 squashfs i-0125c77cb7bd8eef2 (sysbench-client) /snap/amazon-ssm-agent/12323,tmpfs tmpfs i-0125c77cb7bd8eef2 (sysbench-client) /run/user/1000,efivarfs efivarfs i-0125c77cb7bd8eef2 (sysbench-client) /sys/firmware/efi/efivars,loop2 squashfs i-0125c77cb7bd8eef2 (sysbench-client) /snap/core22/2049,loop4 squashfs i-0125c77cb7bd8eef2 (sysbench-client) /snap/snapd/24787,nvme0n1p1 ext4 i-0125c77cb7bd8eef2 (sysbench-client) /,tmpfs tmpfs i-0125c77cb7bd8eef2 (sysbench-client) /dev/shm,loop0 squashfs i-0125c77cb7bd8eef2 (sysbench-client) /snap/amazon-ssm-agent/11798,loop5 squashfs i-0125c77cb7bd8eef2 (sysbench-client) /snap/snapd/25939,tmpfs tmpfs i-0125c77cb7bd8eef2 (sysbench-client) /run/snapd/ns,tmpfs tmpfs i-0125c77cb7bd8eef2 (sysbench-client) /run,nvme0n1p15 vfat i-0125c77cb7bd8eef2 (sysbench-client) /boot/efi,devtmpfs devtmpfs i-0125c77cb7bd8eef2 (sysbench-client) /dev,loop1 squashfs i-0125c77cb7bd8eef2 (sysbench-client) /snap/core20/2603
2026/01/13 17:13:00,0,0,6.72304027508988,0,0.005521643599295816,0,,,,,,,,,,,,,,,,,,
2026/01/13 17:14:00,0,0,6.722830405154863,0,0.005521643599295816,0,,,,,,,,,,,,,,,,,,
2026/01/13 17:15:00,0,0,6.722906721494868,0,0.005521643599295816,0,,,,,,,,,,,,,,,,,,
2026/01/13 17:16:00,0,0,6.722906721494868,0,0.005521643599295816,0,,,,,,,,,,,,,,,,,,
2026/01/13 17:17:00,0,0,6.722906721494868,0,0.005521643599295816,0,,,,,,,,,,,,,,,,,,
2026/01/13 17:18:00,0,0,6.722963958749874,0,0.005521643599295816,0,,,,,,,,,,,,,,,,,,
2026/01/13 17:19:00,0,0,6.72304027508988,0,0.005521643599295816,0,,,,,,,,,,,,,,,,,,
2026/01/13 17:20:00,0,0,6.723755740777433,0,0.005521643599295816,0,,,,,,,,,,,,,,,,,,
2026/01/13 17:21:00,0,0,6.723708043064929,0,0.005521643599295816,0,,,,,,,,,,,,,,,,,,
2026/01/13 17:22:00,0,0,6.7236603453524255,0,0.005521643599295816,0,,,,,,,,,,,,,,,,,,
2026/01/13 17:23:00,0,0,6.7236603453524255,0,0.005521643599295816,0,,,,,,,,,,,,,,,,,,
2026/01/13 17:24:00,0,0,6.7236603453524255,0,0.005521643599295816,0,,,,,,,,,,,,,,,,,,
2026/01/13 17:25:00,0,0,6.723059354174881,0,0.005521643599295816,0,,,,,,,,,,,,,,,,,,
2026/01/13 17:26:00,0,0,6.723059354174881,0,0.005521643599295816,0,,100,0,100,100,0.002133560913164071,2.3468017578125,100,100,14.04969518884935,0,100,100,0.2474877856243733,0.2474877856243733,6.447976270405147,0,100
2026/01/13 17:27:00,0,0,6.723059354174881,0,0.005521643599295816,0,,100,0,100,100,0.002133560913164071,2.3468017578125,100,100,14.04969518884935,0,100,100,0.2474877856243733,0.2474877856243733,6.447976270405147,0,100
2026/01/13 17:28:00,0,0,6.723059354174881,0,0.005521643599295816,0,,100,0,100,100,0.002133560913164071,2.3468017578125,100,100,14.04969518884935,0,100,100,0.2474877856243733,0.2474877856243733,6.447976270405147,0,100
2026/01/13 17:29:00,0,0,6.723059354174881,0,0.005521643599295816,0,,100,0,100,100,0.002133560913164071,2.3468017578125,100,100,14.04969518884935,0,100,100,0.2474877856243733,0.2474877856243733,6.447976270405147,0,100
2026/01/13 17:30:00,0,0,6.723336000907401,0,0.005521643599295816,0,,100,0,100,100,0.002133560913164071,2.3468017578125,100,100,14.04969518884935,0,100,100,0.2474877856243733,0.2474877856243733,6.447976270405147,0,100
2026/01/13 17:31:00,0,0,6.723192907769891,0,0.005521643599295816,0,,100,0,100,100,0.002133560913164071,2.3468017578125,100,100,14.04969518884935,0,100,100,0.2474877856243733,0.2474877856243733,6.447976270405147,0,100
2026/01/13 17:32:00,0,0,6.723192907769891,0,0.005521643599295816,0,,100,0,100,100,0.002133560913164071,2.3468017578125,100,100,14.049436806940218,0,100,100,0.2474877856243733,0.2474877856243733,6.447976270405147,0,100
2026/01/13 17:33:00,0,0,6.723192907769891,0,0.005521643599295816,0,,100,0,100,100,0.002133560913164071,2.3468017578125,100,100,14.049436806940218,0,100,100,0.2474877856243733,0.2474877856243733,6.447976270405147,0,100
2026/01/13 17:34:00,0,0,6.7233169218224,0,0.005521643599295816,0,,100,0,100,100,0.002133560913164071,2.3468017578125,100,100,14.049575935660519,0,100,100,0.2474877856243733,0.2474877856243733,6.447976270405147,0,100
2026/01/13 17:35:00,0,0,6.7231261309723855,0,0.005521643599295816,0,,100,0,100,100,0.002133560913164071,2.3468017578125,100,100,14.049595811191992,0,100,100,0.2474877856243733,0.2474877856243733,6.447976270405147,0,100
2026/01/13 17:36:00,0,0,6.723078433259882,0,0.005521643599295816,0,,100,0,100,100,0.002133560913164071,2.3468017578125,100,100,14.04935730481433,0,100,100,0.2474877856243733,0.2474877856243733,6.447976270405147,0,100
2026/01/13 17:37:00,0,0,6.723078433259882,0,0.005521643599295816,0,,100,0,100,100,0.002133560913164071,2.3468017578125,100,100,14.049575935660519,0,100,100,0.2474877856243733,0.2474877856243733,6.447976270405147,0,100
2026/01/13 17:38:00,0,0,6.723078433259882,0,0.005521643599295816,0,,100,0,100,100,0.002133560913164071,2.3468017578125,100,100,14.049595811191992,0,100,100,0.2474877856243733,0.2474877856243733,6.447976270405147,0,100
2026/01/13 17:39:00,0,0,6.723154749599888,0,0.005521643599295816,0,,100,0,100,100,0.002133560913164071,2.3468017578125,100,100,14.049595811191992,0,100,100,0.2474877856243733,0.2474877856243733,6.447976270405147,0,100
2026/01/13 17:40:00,0,0,6.723698503522428,0,0.005521643599295816,0,,100,0,100,100,0.002133560913164071,2.3468017578125,100,100,14.04979456650671,0,100,100,0.2474877856243733,0.2474877856243733,6.447976270405147,0,100
2026/01/13 17:41:00,0,0,6.7236031080974215,0,0.005521643599295816,0,,100,0,100,100,0.002133560913164071,2.3468017578125,100,100,14.04981444203818,0,100,100,0.2474877856243733,0.2474877856243733,6.447976270405147,0,100
2026/01/13 17:42:00,0,0,6.723650805809925,0,0.005521643599295816,0,,100,0,100,100,0.002133560913164071,2.3468017578125,100,100,14.04981444203818,0,100,100,0.2474877856243733,0.2474877856243733,6.447976270405147,0,100
2026/01/13 17:43:00,0,0,6.723698503522428,0,0.005521643599295816,0,,100,0,100,100,0.002133560913164071,2.3468017578125,100,100,14.050013197352898,0,100,100,0.2474877856243733,0.2474877856243733,6.447976270405147,0,100
2026/01/13 17:44:00,0,0,6.723650805809925,0,0.005521643599295816,0,,100,0,100,100,0.002133560913164071,2.3468017578125,100,100,14.050033072884368,0,100,100,0.2474877856243733,0.2474877856243733,6.447976270405147,0,100
2026/01/13 17:45:00,0,0,6.723164289142389,0,0.005521643599295816,0,,100,0,100,100,0.002133560913164071,2.3468017578125,100,100,14.050033072884368,0,100,100,0.2474877856243733,0.2474877856243733,6.447976270405147,0,100
2026/01/13 17:46:00,0,0,6.723164289142389,0,0.005521643599295816,0,,100,0,100,100,0.002133560913164071,2.3468017578125,100,100,14.050231828199086,0,100,100,0.2474877856243733,0.2474877856243733,6.447976270405147,0,100
2026/01/13 17:47:00,0,0,6.723164289142389,0,0.005521643599295816,0,,100,0,100,100,0.002133560913164071,2.3468017578125,100,100,14.0502914547935,0,100,100,0.2474877856243733,0.2474877856243733,6.447976270405147,0,100
2026/01/13 17:48:00,0,0,6.723164289142389,0,0.005521643599295816,0,,100,0,100,100,0.002133560913164071,2.3468017578125,100,100,14.0502914547935,0,100,100,0.2474877856243733,0.2474877856243733,6.447976270405147,0,100
2026/01/13 17:49:00,0,0,6.723164289142389,0,0.005521643599295816,0,,100,0,100,100,0.002133560913164071,2.3468017578125,100,100,14.0502914547935,0,100,100,0.2474877856243733,0.2474877856243733,6.447976270405147,0,100
2026/01/13 17:50:00,0,0,6.7233073822798985,0,0.005521643599295816,0,,100,0,100,100,0.002133560913164071,2.3468017578125,100,100,14.050311330324972,0,100,100,0.2474877856243733,0.2474877856243733,6.447976270405147,0,100
2026/01/13 17:51:00,0,0,6.723259684567395,0,0.005521643599295816,0,,100,0,100,100,0.002133560913164071,2.3468017578125,100,100,14.05039083245086,0,100,100,0.2474877856243733,0.2474877856243733,6.447976270405147,0,100
2026/01/13 17:52:00,0,0,6.723259684567395,0,0.005521643599295816,0,,100,0,100,100,0.002133560913164071,2.3468017578125,100,100,14.050529961171163,0,100,100,0.2474877856243733,0.2474877856243733,6.447976270405147,0,100
2026/01/13 17:53:00,0,0,6.723259684567395,0,0.005521643599295816,0,,100,0,100,100,0.002133560913164071,2.3468017578125,100,100,14.050529961171163,0,100,100,0.2474877856243733,0.2474877856243733,6.447976270405147,0,100
2026/01/13 17:54:00,0,0,6.723259684567395,0,0.005521643599295816,0,,100,0,100,100,0.002133560913164071,2.3468017578125,100,100,14.050529961171163,0,100,100,0.2474877856243733,0.2474877856243733,6.447976270405147,0,100
2026/01/13 17:55:00,0,0,6.723259684567395,0,0.005521643599295816,0,,100,0,100,100,0.002133560913164071,2.3468017578125,100,100,14.050490210108219,0,100,100,0.2474877856243733,0.2474877856243733,6.447976270405147,0,100
2026/01/13 17:56:00,0,0,6.723116591429886,0,0.005521643599295816,0,,100,0,100,100,0.002133560913164071,2.3468017578125,100,100,14.05468394724875,0,100,100,0.2474877856243733,0.2474877856243733,6.447976270405147,0,100
2026/01/13 17:57:00,0,0,6.723116591429886,0,0.005521643599295816,0,,100,0,100,100,0.002133560913164071,2.3468017578125,100,100,14.05468394724875,0,100,100,0.2474877856243733,0.2474877856243733,6.447976270405147,0,100
2026/01/13 17:58:00,0,0,7.037997810293414,0,0.005521643599295816,0,,100,0,100,100,0.002133560913164071,2.3468017578125,100,100,14.054902578094937,0,100,100,0.2474877856243733,0.2474877856243733,6.447976270405147,0,100
2026/01/13 17:59:00,0,0,7.038026428920917,0,0.005521643599295816,0,,100,0,100,100,0.002133560913164071,2.3468017578125,100,100,14.054922453626409,0,100,100,0.2474877856243733,0.2474877856243733,6.447976270405147,0,100
2026/01/13 18:00:00,0,0,7.038493866503451,0,0.005521643599295816,0,,100,0,100,100,0.002133560913164071,2.3468017578125,100,100,14.054922453626409,0,100,100,0.2474877856243733,0.2474877856243733,6.447976270405147,0,100
2026/01/13 18:01:00,0,0,6.997683703685402,0,0.005521643599295816,0,,100,0,100,100,0.002133560913164071,2.3468017578125,100,100,14.055121208941127,0,100,100,0.2474877856243733,0.2474877856243733,6.447976270405147,0,100
2026/01/13 18:02:00,0,0,7.6250612557872826,0,0.005521643599295816,0,,100,0,100,100,0.002133560913164071,2.3468017578125,100,100,14.0551410844726,0,100,100,0.2474877856243733,0.2474877856243733,6.447976270405147,0,100
2026/01/13 18:03:00,0,0,7.6250612557872826,0,0.005521643599295816,0,,100,0,100,100,0.002133560913164071,2.3468017578125,100,100,14.0551410844726,0,100,100,0.2474877856243733,0.2474877856243733,6.447976270405147,0,100
2026/01/13 18:04:00,0,0,7.625137572127288,0,0.005521643599295816,0,,100,0,100,100,0.002133560913164071,2.3468017578125,100,100,14.055359715318788,0,100,100,0.2474877856243733,0.2474877856243733,6.447976270405147,0,100
2026/01/13 18:05:00,0,0,7.625042176702282,0,0.005521643599295816,0,,100,0,100,100,0.002133560913164071,2.3468017578125,100,100,14.055379590850258,0,100,100,0.2474877856243733,0.2474877856243733,6.447976270405147,0,100
2026/01/13 18:06:00,0,0,7.25098717570683,0,0.005521643599295816,0,,100,0,100,100,0.002133560913164071,2.3468017578125,100,100,14.055399466381733,0,100,100,0.2474877856243733,0.2474877856243733,6.447976270405147,0,100
2026/01/13 18:07:00,0,0,7.25098717570683,0,0.005521643599295816,0,,100,0,100,100,0.002133560913164071,2.3468017578125,100,100,14.055598221696448,0,100,100,0.2474877856243733,0.2474877856243733,6.447976270405147,0,100
2026/01/13 18:08:00,0,0,7.25098717570683,0,0.005521643599295816,0,,100,0,100,100,0.002133560913164071,2.3468017578125,100,100,14.055598221696448,0,100,100,0.2474877856243733,0.2474877856243733,6.447976270405147,0,100
2026/01/13 18:09:00,0,0,7.25098717570683,0,0.005521643599295816,0,,100,0,100,100,0.002133560913164071,2.3468017578125,100,100,14.05679075358475,0,100,100,0.2474877856243733,0.2474877856243733,6.447976270405147,0,100
2026/01/13 18:10:00,0,0,7.251158887471842,0,0.005521643599295816,0,,100,0,100,100,0.002133560913164071,2.3468017578125,100,100,14.056810629116223,0,100,100,0.2474877856243733,0.2474877856243733,6.447976270405147,0,100
2026/01/13 18:11:00,0,0,7.250996715249331,0,0.005521643599295816,0,,100,0,100,100,0.002133560913164071,2.3468017578125,100,100,14.057009384430941,0,100,100,0.2474877856243733,0.2474877856243733,6.447976270405147,0,100
2026/01/13 18:12:00,0,0,7.250996715249331,0,0.005521643599295816,0,,100,0,100,100,0.002133560913164071,2.3468017578125,100,100,14.057009384430941,0,100,100,0.2474877856243733,0.2474877856243733,6.447976270405147,0,100
2026/01/13 18:13:00,0,0,7.250996715249331,0,0.005521643599295816,0,,100,0,100,100,0.002133560913164071,2.3468017578125,100,100,14.05702925996241,0,100,100,0.2474877856243733,0.2474877856243733,6.447976270405147,0,100
2026/01/13 18:14:00,0,0,8.503653120102936,0,0.005521643599295816,0,,100,0,100,100,0.002133560913164071,2.3468017578125,100,100,14.05712863761977,0,100,100,0.2474877856243733,0.2474877856243733,6.447976270405147,0,100
2026/01/13 18:15:00,0,0,11.004386949409803,0,0.005521643599295816,0,,100,0,100,100,0.002133560913164071,2.3468017578125,100,100,14.057267766340074,0,100,100,0.2474877856243733,0.2474877856243733,6.447976270405147,0,100
2026/01/13 18:16:00,0,0,16.01931490249204,0,0.005521643599295816,0,,100,0,100,100,0.002133560913164071,2.3468017578125,100,100,14.057565899312147,0,100,100,0.2474877856243733,0.2474877856243733,6.447976270405147,0,100
2026/01/13 18:17:00,0,0,11.803113763909488,0,0.005521643599295816,0,,100,0,100,100,0.002133560913164071,2.3468017578125,100,100,14.057625525906564,0,100,100,0.2474877856243733,0.2474877856243733,6.447976270405147,0,100
2026/01/13 18:18:00,0,0,11.803113763909488,0,0.005521643599295816,0,,100,0,100,100,0.002133560913164071,2.3468017578125,100,100,14.057645401438034,0,100,100,0.2474877856243733,0.2474877856243733,6.447976270405147,0,100
2026/01/13 18:19:00,0,0,16.823526953929637,0,0.005521643599295816,0,,100,0,100,100,0.002133560913164071,2.3468017578125,100,100,14.057963409941582,0,100,100,0.2474877856243733,0.2474877856243733,6.447976270405147,0,100
2026/01/13 18:20:00,0,0,16.823536493472137,0,0.005521643599295816,0,,100,0,100,100,0.002133560913164071,2.3468017578125,100,100,14.058082663130412,0,100,100,0.2474877856243733,0.2474877856243733,6.447976270405147,0,100
2026/01/13 18:21:00,0,0,16.823536493472137,0,0.005521643599295816,0,,100,0,100,100,0.002133560913164071,2.3468017578125,100,100,14.058201916319243,0,100,100,0.2474877856243733,0.2474877856243733,6.447976270405147,0,100
2026/01/13 18:22:00,0,0,11.900808218659288,0,0.005521643599295816,0,,100,0,100,100,0.002133560913164071,2.3468017578125,100,100,14.058519924822791,0,100,100,0.2474877856243733,0.2474877856243733,6.447976270405147,0,100
2026/01/13 18:23:00,0,0,11.900808218659288,0,0.005521643599295816,0,,100,0,100,100,0.002133560913164071,2.3468017578125,100,100,14.05861930248015,0,100,100,0.2474877856243733,0.2474877856243733,6.447976270405147,0,100
2026/01/13 18:24:00,0,0,11.900808218659288,0,0.005521643599295816,0,,100,0,100,100,0.002133560913164071,2.3468017578125,100,100,14.05861930248015,0,100,100,0.2474877856243733,0.2474877856243733,6.447976270405147,0,100
2026/01/13 18:25:00,0,0,11.90111348401931,0,0.005521643599295816,0,,100,0,100,100,0.002133560913164071,2.3468017578125,100,100,14.058818057794866,0,100,100,0.2474877856243733,0.2474877856243733,6.447976270405147,0,100
2026/01/13 18:26:00,0,0,11.901266116699322,0,0.005521643599295816,0,,100,0,100,100,0.002133560913164071,2.3468017578125,100,100,14.06003046521464,0,100,100,0.2474877856243733,0.2474877856243733,6.447976270405147,0,100
2026/01/13 18:27:00,0,0,11.901266116699322,0,0.005521643599295816,0,,100,0,100,100,0.002133560913164071,2.3468017578125,100,100,14.060209344997885,0,100,100,0.2474877856243733,0.2474877856243733,6.447976270405147,0,100
2026/01/13 18:28:00,0,0,11.901266116699322,0,0.005521643599295816,0,,100,0,100,100,0.002133560913164071,2.3468017578125,100,100,14.060209344997885,0,100,100,0.2474877856243733,0.2474877856243733,6.447976270405147,0,100
2026/01/13 18:29:00,0,0,11.901266116699322,0,0.005521643599295816,0,,100,0,100,100,0.002133560913164071,2.3468017578125,100,100,14.060209344997885,0,100,100,0.2474877856243733,0.2474877856243733,6.447976270405147,0,100
2026/01/13 18:30:00,0,0,11.901952963759374,0,0.005521643599295816,0,,100,0,100,100,0.002133560913164071,2.3468017578125,100,100,14.060209344997885,0,100,100,0.2474877856243733,0.2474877856243733,6.447976270405147,0,100
2026/01/13 18:31:00,0,0,11.901809870621863,0,0.005521643599295816,0,,100,0,100,100,0.002133560913164071,2.3468017578125,100,100,14.060288847123772,0,100,100,0.2474877856243733,0.2474877856243733,6.447976270405147,0,100
2026/01/13 18:32:00,0,0,11.901285195784324,0,0.005521643599295816,0,,100,0,100,100,0.002133560913164071,2.3468017578125,100,100,14.060209344997885,0,100,100,0.2474877856243733,0.2474877856243733,6.447976270405147,0,100
2026/01/13 18:33:00,0,0,11.901285195784324,0,0.005521643599295816,0,,100,0,100,100,0.002133560913164071,2.3468017578125,100,100,14.060209344997885,0,100,100,0.2474877856243733,0.2474877856243733,6.447976270405147,0,100
2026/01/13 18:34:00,0,0,11.901342433039327,0,0.005521643599295816,0,,100,0,100,100,0.002133560913164071,2.3468017578125,100,100,14.06024909606083,0,100,100,0.2474877856243733,0.2474877856243733,6.447976270405147,0,100
2026/01/13 18:35:00,0,0,11.901294735326823,0,0.005521643599295816,0,,100,0,100,100,0.002133560913164071,2.3468017578125,100,100,14.060288847123772,0,100,100,0.2474877856243733,0.2474877856243733,6.447976270405147,0,100
2026/01/13 18:36:00,0,0,11.901294735326823,0,0.005521643599295816,0,,100,0,100,100,0.002133560913164071,2.3468017578125,100,100,14.060308722655243,0,100,100,0.2474877856243733,0.2474877856243733,6.447976270405147,0,100
2026/01/13 18:37:00,0,0,11.901294735326823,0,0.005521643599295816,0,,100,0,100,100,0.002133560913164071,2.3468017578125,100,100,14.060328598186716,0,100,100,0.2474877856243733,0.2474877856243733,6.447976270405147,0,100
2026/01/13 18:38:00,0,0,11.901294735326823,0,0.005521643599295816,0,,100,0,100,100,0.002133560913164071,2.3468017578125,100,100,14.060348473718188,0,100,100,0.2474877856243733,0.2474877856243733,6.447976270405147,0,100
2026/01/13 18:39:00,0,0,11.901294735326823,0,0.005521643599295816,0,,100,0,100,100,0.002133560913164071,2.3468017578125,100,100,14.060368349249657,0,100,100,0.2474877856243733,0.2474877856243733,6.447976270405147,0,100
2026/01/13 18:40:00,0,0,11.901447368006837,0,0.005521643599295816,0,,100,0,100,100,0.002133560913164071,2.3468017578125,100,100,14.060388224781132,0,100,100,0.2474877856243733,0.2474877856243733,6.447976270405147,0,100
2026/01/13 18:41:00,0,0,11.901351972581828,0,0.005521643599295816,0,,100,0,100,100,0.002133560913164071,2.3468017578125,100,100,14.060408100312602,0,100,100,0.2474877856243733,0.2474877856243733,6.447976270405147,0,100
2026/01/13 18:42:00,0,0,11.900646046436776,0,0.005521643599295816,0,,100,0,100,100,0.002133560913164071,2.3468017578125,100,100,14.060427975844075,0,100,100,0.2474877856243733,0.2474877856243733,6.447976270405147,0,100
2026/01/13 18:43:00,0,0,11.900646046436776,0,0.005521643599295816,0,,100,0,100,100,0.002133560913164071,2.3468017578125,100,100,14.060447851375546,0,100,100,0.2474877856243733,0.2474877856243733,6.447976270405147,0,100
2026/01/13 18:44:00,0,0,11.900779600031786,0,0.005521643599295816,0,,100,0,100,100,0.002133560913164071,2.3468017578125,100,100,14.060467726907017,0,100,100,0.2474877856243733,0.2474877856243733,6.447976270405147,0,100
2026/01/13 18:45:00,0,0,11.900779600031786,0,0.005521643599295816,0,,100,0,100,100,0.002133560913164071,2.3468017578125,100,100,14.060467726907017,0,100,100,0.2474877856243733,0.2474877856243733,6.447976270405147,0,100
2026/01/13 18:46:00,0,0,11.900913153626796,0,0.005521643599295816,0,,100,0,100,100,0.002133560913164071,2.3468017578125,100,100,14.06048760243849,0,100,100,0.2474877856243733,0.2474877856243733,6.447976270405147,0,100
2026/01/13 18:47:00,0,0,11.900913153626796,0,0.005521643599295816,0,,100,0,100,100,0.002133560913164071,2.3468017578125,100,100,14.06050747796996,0,100,100,0.2474877856243733,0.2474877856243733,6.447976270405147,0,100
2026/01/13 18:48:00,0,0,11.901199339901817,0,0.005521643599295816,0,,100,0,100,100,0.002133560913164071,2.3468017578125,100,100,14.060527353501431,0,100,100,0.2474877856243733,0.2474877856243733,6.447976270405147,0,100
2026/01/13 18:49:00,0,0,11.901151642189314,0,0.005521643599295816,0,,100,0,100,100,0.002133560913164071,2.3468017578125,100,100,14.060547229032904,0,100,100,0.2474877856243733,0.2474877856243733,6.447976270405147,0,100
2026/01/13 18:50:00,0,0,11.901199339901817,0,0.005521643599295816,0,,100,0,100,100,0.002133560913164071,2.3468017578125,100,100,14.060567104564376,0,100,100,0.2474877856243733,0.2474877856243733,6.447976270405147,0,100
2026/01/13 18:51:00,0,0,11.901151642189314,0,0.005521643599295816,0,,100,0,100,100,0.002133560913164071,2.3468017578125,100,100,14.060586980095849,0,100,100,0.2474877856243733,0.2474877856243733,6.447976270405147,0,100
2026/01/13 18:52:00,0,0,11.901151642189314,0,0.005521643599295816,0,,100,0,100,100,0.002133560913164071,2.3468017578125,100,100,14.06060685562732,0,100,100,0.2474877856243733,0.2474877856243733,6.447976270405147,0,100
2026/01/13 18:53:00,0,0,11.901151642189314,0,0.005521643599295816,0,,100,0,100,100,0.002133560913164071,2.3468017578125,100,100,14.06062673115879,0,100,100,0.2474877856243733,0.2474877856243733,6.447976270405147,0,100
2026/01/13 18:54:00,0,0,11.901151642189314,0,0.005521643599295816,0,,100,0,100,100,0.002133560913164071,2.3468017578125,100,100,14.060646606690263,0,100,100,0.2474877856243733,0.2474877856243733,6.447976270405147,0,100
2026/01/13 18:55:00,0,0,11.901151642189314,0,0.005521643599295816,0,,100,0,100,100,0.002133560913164071,2.3468017578125,100,100,14.060666482221734,0,100,100,0.2474877856243733,0.2474877856243733,6.447976270405147,0,100
2026/01/13 18:56:00,0,0,11.901151642189314,0,0.005521643599295816,0,,100,0,100,100,0.002133560913164071,2.3468017578125,100,100,14.060686357753207,0,100,100,0.2474877856243733,0.2474877856243733,6.447976270405147,0,100
2026/01/13 18:57:00,0,0,11.901151642189314,0,0.005521643599295816,0,,100,0,100,100,0.002133560913164071,2.3468017578125,100,100,14.060686357753207,0,100,100,0.2474877856243733,0.2474877856243733,6.447976270405147,0,100
2026/01/13 18:58:00,0,0,11.900922693169298,0,0.005521643599295816,0,,100,0,100,100,0.002133560913164071,2.3468017578125,100,100,14.060706233284678,0,100,100,0.2474877856243733,0.2474877856243733,6.447976270405147,0,100
2026/01/13 18:59:00,0,0,11.900922693169298,0,0.005521643599295816,0,,100,0,100,100,0.002133560913164071,2.3468017578125,100,100,14.06072610881615,0,100,100,0.2474877856243733,0.2474877856243733,6.447976270405147,0,100
2026/01/13 19:00:00,0,0,11.901580921601845,0,0.005521643599295816,0,,100,0,100,100,0.002133560913164071,2.3468017578125,100,100,14.060745984347623,0,100,100,0.2474877856243733,0.2474877856243733,6.447976270405147,0,100
2026/01/13 19:01:00,0,0,11.901552302974345,0,0.005521643599295816,0,,100,0,100,100,0.002133560913164071,2.3468017578125,100,100,14.060765859879092,0,100,100,0.2474877856243733,0.2474877856243733,6.447976270405147,0,100
2026/01/13 19:02:00,0,0,11.901704935654355,0,0.005521643599295816,0,,100,0,100,100,0.002133560913164071,2.3468017578125,100,100,14.060785735410564,0,100,100,0.2474877856243733,0.2474877856243733,6.447976270405147,0,100
2026/01/13 19:03:00,0,0,11.900913153626796,0,0.005521643599295816,0,,100,0,100,100,0.002133560913164071,2.3468017578125,100,100,14.060805610942037,0,100,100,0.2474877856243733,0.2474877856243733,6.447976270405147,0,100
2026/01/13 19:04:00,0,0,11.900865455914293,0,0.005521643599295816,0,,100,0,100,100,0.002133560913164071,2.3468017578125,100,100,14.060825486473508,0,100,100,0.2474877856243733,0.2474877856243733,6.447976270405147,0,100
2026/01/13 19:05:00,0,0,11.900865455914293,0,0.005521643599295816,0,,100,0,100,100,0.002133560913164071,2.3468017578125,100,100,14.060865237536452,0,100,100,0.2474877856243733,0.2474877856243733,6.447976270405147,0,100
2026/01/13 19:06:00,0,0,11.900865455914293,0,0.005521643599295816,0,,100,0,100,100,0.002133560913164071,2.3468017578125,100,100,14.060885113067922,0,100,100,0.2474877856243733,0.2474877856243733,6.447976270405147,0,100
2026/01/13 19:07:00,0,0,11.900865455914293,0,0.005521643599295816,0,,100,0,100,100,0.002133560913164071,2.3468017578125,100,100,14.060904988599395,0,100,100,0.2474877856243733,0.2474877856243733,6.447976270405147,0,100
2026/01/13 19:08:00,0,0,11.900913153626796,0,0.005521643599295816,0,,100,0,100,100,0.002133560913164071,2.3468017578125,100,100,14.060924864130866,0,100,100,0.2474877856243733,0.2474877856243733,6.447976270405147,0,100
2026/01/13 19:09:00,0,0,11.901275656241824,0,0.005521643599295816,0,,100,0,100,100,0.002133560913164071,2.3468017578125,100,100,14.060924864130866,0,100,100,0.2474877856243733,0.2474877856243733,6.447976270405147,0,100
2026/01/13 19:10:00,0,0,11.901266116699322,0,0.005521643599295816,0,,100,0,100,100,0.002133560913164071,2.3468017578125,100,100,14.06094473966234,0,100,100,0.2474877856243733,0.2474877856243733,6.447976270405147,0,100
2026/01/13 19:11:00,0,0,11.901218418986819,0,0.005521643599295816,0,,100,0,100,100,0.002133560913164071,2.3468017578125,100,100,14.06096461519381,0,100,100,0.2474877856243733,0.2474877856243733,6.447976270405147,0,100
2026/01/13 19:12:00,0,0,11.901218418986819,0,0.005521643599295816,0,,100,0,100,100,0.002133560913164071,2.3468017578125,100,100,14.060984490725282,0,100,100,0.2474877856243733,0.2474877856243733,6.447976270405147,0,100
2026/01/13 19:13:00,0,0,11.901876647419368,0,0.005521643599295816,0,,100,0,100,100,0.002133560913164071,2.3468017578125,100,100,14.061004366256755,0,100,100,0.2474877856243733,0.2474877856243733,6.447976270405147,0,100
2026/01/13 19:14:00,0,0,11.901552302974345,0,0.005521643599295816,0,,100,0,100,100,0.002133560913164071,2.3468017578125,100,100,14.061024241788225,0,100,100,0.2474877856243733,0.2474877856243733,6.447976270405147,0,100
2026/01/13 19:15:00,0,0,11.90150460526184,0,0.005521643599295816,0,,100,0,100,100,0.002133560913164071,2.3468017578125,100,100,14.061044117319696,0,100,100,0.2474877856243733,0.2474877856243733,6.447976270405147,0,100
2026/01/13 19:16:00,0,0,11.90175263336686,0,0.005521643599295816,0,,100,0,100,100,0.002133560913164071,2.3468017578125,100,100,14.06106399285117,0,100,100,0.2474877856243733,0.2474877856243733,6.447976270405147,0,100
2026/01/13 19:17:00,0,0,11.901704935654355,0,0.005521643599295816,0,,100,0,100,100,0.002133560913164071,2.3468017578125,100,100,14.06108386838264,0,100,100,0.2474877856243733,0.2474877856243733,6.447976270405147,0,100
2026/01/13 19:18:00,0,0,11.901848028791866,0,0.005521643599295816,0,,100,0,100,100,0.002133560913164071,2.3468017578125,100,100,14.061103743914114,0,100,100,0.2474877856243733,0.2474877856243733,6.447976270405147,0,100
2026/01/13 19:19:00,0,0,11.901199339901817,0,0.005521643599295816,0,,100,0,100,100,0.002133560913164071,2.3468017578125,100,100,14.061123619445585,0,100,100,0.2474877856243733,0.2474877856243733,6.447976270405147,0,100
2026/01/13 19:20:00,0,0,11.901848028791866,0,0.005521643599295816,0,,100,0,100,100,0.002133560913164071,2.3468017578125,100,100,14.061183246039999,0,100,100,0.2474877856243733,0.2474877856243733,6.447976270405147,0,100
2026/01/13 19:21:00,0,0,11.901800331079363,0,0.005521643599295816,0,,100,0,100,100,0.002133560913164071,2.3468017578125,100,100,14.061183246039999,0,100,100,0.2474877856243733,0.2474877856243733,6.447976270405147,0,100
2026/01/13 19:22:00,0,0,11.901800331079363,0,0.005521643599295816,0,,100,0,100,100,0.002133560913164071,2.3468017578125,100,100,14.061183246039999,0,100,100,0.2474877856243733,0.2474877856243733,6.447976270405147,0,100
2026/01/13 19:23:00,0,0,11.901800331079363,0,0.005521643599295816,0,,100,0,100,100,0.002133560913164071,2.3468017578125,100,100,14.061183246039999,0,100,100,0.2474877856243733,0.2474877856243733,6.447976270405147,0,100
2026/01/13 19:24:00,0,0,11.901208879444319,0,0.005521643599295816,0,,100,0,100,100,0.002133560913164071,2.3468017578125,100,100,14.061183246039999,0,100,100,0.2474877856243733,0.2474877856243733,6.447976270405147,0,100
2026/01/13 19:25:00,0,0,11.901208879444319,0,0.005521643599295816,0,,100,0,100,100,0.002133560913164071,2.3468017578125,100,100,14.061183246039999,0,100,100,0.2474877856243733,0.2474877856243733,6.447976270405147,0,100
2026/01/13 19:26:00,0,0,11.901208879444319,0,0.005521643599295816,0,,100,0,100,100,0.002133560913164071,2.3468017578125,100,100,14.061183246039999,0,100,100,0.2474877856243733,0.2474877856243733,6.447976270405147,0,100
2026/01/13 19:27:00,0,0,11.901208879444319,0,0.005521643599295816,0,,100,0,100,100,0.002133560913164071,2.3468017578125,100,100,14.061183246039999,0,100,100,0.2474877856243733,0.2474877856243733,6.447976270405147,0,100
2026/01/13 19:28:00,0,0,11.901256577156822,0,0.005521643599295816,0,,100,0,100,100,0.002133560913164071,2.3468017578125,100,100,14.061183246039999,0,100,100,0.2474877856243733,0.2474877856243733,6.447976270405147,0,100
2026/01/13 19:29:00,0,0,11.901208879444319,0,0.005521643599295816,0,,100,0,100,100,0.002133560913164071,2.3468017578125,100,100,14.061183246039999,0,100,100,0.2474877856243733,0.2474877856243733,6.447976270405147,0,100
2026/01/13 19:30:00,0,0,11.901475986634338,0,0.005521643599295816,0,,100,0,100,100,0.002133560913164071,2.3468017578125,100,100,14.061183246039999,0,100,100,0.2474877856243733,0.2474877856243733,6.447976270405147,0,100
2026/01/13 19:31:00,0,0,11.90138059120933,0,0.005521643599295816,0,,100,0,100,100,0.002133560913164071,2.3468017578125,100,100,14.061183246039999,0,100,100,0.2474877856243733,0.2474877856243733,6.447976270405147,0,100
2026/01/13 19:32:00,0,0,11.90138059120933,0,0.005521643599295816,0,,100,0,100,100,0.002133560913164071,2.3468017578125,100,100,14.061183246039999,0,100,100,0.2474877856243733,0.2474877856243733,6.447976270405147,0,100
2026/01/13 19:33:00,0,0,11.90138059120933,0,0.005521643599295816,0,,100,0,100,100,0.002133560913164071,2.3468017578125,100,100,14.061183246039999,0,100,100,0.2474877856243733,0.2474877856243733,6.447976270405147,0,100
2026/01/13 19:34:00,0,0,11.901275656241824,0,0.005521643599295816,0,,100,0,100,100,0.002133560913164071,2.3468017578125,100,100,14.061183246039999,0,100,100,0.2474877856243733,0.2474877856243733,6.447976270405147,0,100
2026/01/13 19:35:00,0,0,11.901227958529319,0,0.005521643599295816,0,,100,0,100,100,0.002133560913164071,2.3468017578125,100,100,14.061183246039999,0,100,100,0.2474877856243733,0.2474877856243733,6.447976270405147,0,100
2026/01/13 19:36:00,0,0,11.901227958529319,0,0.005521643599295816,0,,100,0,100,100,0.002133560913164071,2.3468017578125,100,100,14.061183246039999,0,100,100,0.2474877856243733,0.2474877856243733,6.447976270405147,0,100
2026/01/13 19:37:00,0,0,11.901227958529319,0,0.005521643599295816,0,,100,0,100,100,0.002133560913164071,2.3468017578125,100,100,14.061183246039999,0,100,100,0.2474877856243733,0.2474877856243733,6.447976270405147,0,100
2026/01/13 19:38:00,0,0,11.901227958529319,0,0.005521643599295816,0,,100,0,100,100,0.002133560913164071,2.3468017578125,100,100,14.061183246039999,0,100,100,0.2474877856243733,0.2474877856243733,6.447976270405147,0,100
2026/01/13 19:39:00,0,0,11.901227958529319,0,0.005521643599295816,0,,100,0,100,100,0.002133560913164071,2.3468017578125,100,100,14.062216773676528,0,100,100,0.2474877856243733,0.2474877856243733,6.447976270405147,0,100
2026/01/13 19:40:00,0,0,11.90111348401931,0,0.005521643599295816,0,,100,0,100,100,0.002133560913164071,2.3468017578125,100,100,14.062395653459772,0,100,100,0.2474877856243733,0.2474877856243733,6.447976270405147,0,100
2026/01/13 19:41:00,0,0,11.901609540229348,0,0.005521643599295816,0,,100,0,100,100,0.002133560913164071,2.3468017578125,100,100,14.062395653459772,0,100,100,0.2474877856243733,0.2474877856243733,6.447976270405147,0,100
2026/01/13 19:42:00,0,0,11.901609540229348,0,0.005521643599295816,0,,100,0,100,100,0.002133560913164071,2.3468017578125,100,100,14.062395653459772,0,100,100,0.2474877856243733,0.2474877856243733,6.447976270405147,0,100
2026/01/13 19:43:00,0,0,11.901609540229348,0,0.005521643599295816,0,,100,0,100,100,0.002133560913164071,2.3468017578125,100,100,14.062415528991245,0,100,100,0.2474877856243733,0.2474877856243733,6.447976270405147,0,100
2026/01/13 19:44:00,0,0,11.90177171245186,0,0.005521643599295816,0,,100,0,100,100,0.002133560913164071,2.3468017578125,100,100,14.06245528005419,0,100,100,0.2474877856243733,0.2474877856243733,6.447976270405147,0,100
2026/01/13 19:45:00,0,0,11.901180260816815,0,0.005521643599295816,0,,100,0,100,100,0.002133560913164071,2.3468017578125,100,100,14.06247515558566,0,100,100,0.2474877856243733,0.2474877856243733,6.447976270405147,0,100
2026/01/13 19:46:00,0,0,11.901180260816815,0,0.005521643599295816,0,,100,0,100,100,0.002133560913164071,2.3468017578125,100,100,14.06249503111713,0,100,100,0.2474877856243733,0.2474877856243733,6.447976270405147,0,100
2026/01/13 19:47:00,0,0,11.901180260816815,0,0.005521643599295816,0,,100,0,100,100,0.002133560913164071,2.3468017578125,100,100,14.062514906648605,0,100,100,0.2474877856243733,0.2474877856243733,6.447976270405147,0,100
2026/01/13 19:48:00,0,0,11.90124703761432,0,0.005521643599295816,0,,100,0,100,100,0.002133560913164071,2.3468017578125,100,100,14.062534782180075,0,100,100,0.2474877856243733,0.2474877856243733,6.447976270405147,0,100
2026/01/13 19:49:00,0,0,11.90124703761432,0,0.005521643599295816,0,,100,0,100,100,0.002133560913164071,2.3468017578125,100,100,14.062614284305964,0,100,100,0.2474877856243733,0.2474877856243733,6.447976270405147,0,100
2026/01/13 19:50:00,0,0,11.9009799304243,0,0.005521643599295816,0,,100,0,100,100,0.002133560913164071,2.3468017578125,100,100,14.062753413026263,0,100,100,0.2474877856243733,0.2474877856243733,6.447976270405147,0,100
2026/01/13 19:51:00,0,0,11.901743093824358,0,0.005521643599295816,0,,100,0,100,100,0.002133560913164071,2.3468017578125,100,100,14.06281303962068,0,100,100,0.2474877856243733,0.2474877856243733,6.447976270405147,0,100
2026/01/13 19:52:00,0,0,11.901647698399351,0,0.005521643599295816,0,,100,0,100,100,0.002133560913164071,2.3468017578125,100,100,14.062832915152152,0,100,100,0.2474877856243733,0.2474877856243733,6.447976270405147,0,100
2026/01/13 19:53:00,0,0,11.901647698399351,0,0.005521643599295816,0,,100,0,100,100,0.002133560913164071,2.3468017578125,100,100,14.062852790683621,0,100,100,0.2474877856243733,0.2474877856243733,6.447976270405147,0,100
2026/01/13 19:54:00,0,0,11.901647698399351,0,0.005521643599295816,0,,100,0,100,100,0.002133560913164071,2.3468017578125,100,100,14.062872666215096,0,100,100,0.2474877856243733,0.2474877856243733,6.447976270405147,0,100
2026/01/13 19:55:00,0,0,11.901094404934309,0,0.005521643599295816,0,,100,0,100,100,0.002133560913164071,2.3468017578125,100,100,14.062872666215096,0,100,100,0.2474877856243733,0.2474877856243733,6.447976270405147,0,100
2026/01/13 19:56:00,0,0,11.901046707221806,0,0.005521643599295816,0,,100,0,100,100,0.002133560913164071,2.3468017578125,100,100,14.062892541746566,0,100,100,0.2474877856243733,0.2474877856243733,6.447976270405147,0,100
2026/01/13 19:57:00,0,0,11.901103944476809,0,0.005521643599295816,0,,100,0,100,100,0.002133560913164071,2.3468017578125,100,100,14.062912417278037,0,100,100,0.2474877856243733,0.2474877856243733,6.447976270405147,0,100
2026/01/13 19:58:00,0,0,11.901294735326823,0,0.005521643599295816,0,,100,0,100,100,0.002133560913164071,2.3468017578125,100,100,14.06293229280951,0,100,100,0.2474877856243733,0.2474877856243733,6.447976270405147,0,100
2026/01/13 19:59:00,0,0,11.90124703761432,0,0.005521643599295816,0,,100,0,100,100,0.002133560913164071,2.3468017578125,100,100,14.062952168340981,0,100,100,0.2474877856243733,0.2474877856243733,6.447976270405147,0,100
2026/01/13 20:00:00,0,0,11.901981582386876,0,0.005521643599295816,0,,100,0,100,100,0.002133560913164071,2.3468017578125,100,100,14.062972043872454,0,100,100,0.2474877856243733,0.2474877856243733,6.447976270405147,0,100
2026/01/13 20:01:00,0,0,11.90188618696187,0,0.005521643599295816,0,,100,0,100,100,0.002133560913164071,2.3468017578125,100,100,14.062991919403926,0,100,100,0.2474877856243733,0.2474877856243733,6.447976270405147,0,100
2026/01/13 20:02:00,0,0,11.901838489249366,0,0.005521643599295816,0,,100,0,100,100,0.002133560913164071,2.3468017578125,100,100,14.063031670466868,0,100,100,0.2474877856243733,0.2474877856243733,6.447976270405147,0,100
2026/01/13 20:03:00,0,0,11.901838489249366,0,0.005521643599295816,0,,100,0,100,100,0.002133560913164071,2.3468017578125,100,100,14.06305154599834,0,100,100,0.2474877856243733,0.2474877856243733,6.447976270405147,0,100
2026/01/13 20:04:00,0,0,11.901838489249366,0,0.005521643599295816,0,,100,0,100,100,0.002133560913164071,2.3468017578125,100,100,14.063071421529813,0,100,100,0.2474877856243733,0.2474877856243733,6.447976270405147,0,100
2026/01/13 20:05:00,0,0,11.90124703761432,0,0.005521643599295816,0,,100,0,100,100,0.002133560913164071,2.3468017578125,100,100,14.063091297061284,0,100,100,0.2474877856243733,0.2474877856243733,6.447976270405147,0,100
2026/01/13 20:06:00,0,0,11.901199339901817,0,0.005521643599295816,0,,100,0,100,100,0.002133560913164071,2.3468017578125,100,100,14.063111172592754,0,100,100,0.2474877856243733,0.2474877856243733,6.447976270405147,0,100
2026/01/13 20:07:00,0,0,11.901199339901817,0,0.005521643599295816,0,,100,0,100,100,0.002133560913164071,2.3468017578125,100,100,14.063111172592754,0,100,100,0.2474877856243733,0.2474877856243733,6.447976270405147,0,100
2026/01/13 20:08:00,0,0,11.90123749807182,0,0.005521643599295816,0,,100,0,100,100,0.002133560913164071,2.3468017578125,100,100,14.063131048124228,0,100,100,0.2474877856243733,0.2474877856243733,6.447976270405147,0,100
2026/01/13 20:09:00,0,0,11.90123749807182,0,0.005521643599295816,0,,100,0,100,100,0.002133560913164071,2.3468017578125,100,100,14.063150923655698,0,100,100,0.2474877856243733,0.2474877856243733,6.447976270405147,0,100
2026/01/13 20:10:00,0,0,11.901437828464335,0,0.005521643599295816,0,,100,0,100,100,0.002133560913164071,2.3468017578125,100,100,14.06317079918717,0,100,100,0.2474877856243733,0.2474877856243733,6.447976270405147,0,100
2026/01/13 20:11:00,0,0,11.90136151212433,0,0.005521643599295816,0,,100,0,100,100,0.002133560913164071,2.3468017578125,100,100,14.063190674718642,0,100,100,0.2474877856243733,0.2474877856243733,6.447976270405147,0,100
2026/01/13 20:12:00,0,0,11.902105596439384,0,0.005521643599295816,0,,100,0,100,100,0.002133560913164071,2.3468017578125,100,100,14.063210550250114,0,100,100,0.2474877856243733,0.2474877856243733,6.447976270405147,0,100
2026/01/13 20:13:00,0,0,11.90205789872688,0,0.005521643599295816,0,,100,0,100,100,0.002133560913164071,2.3468017578125,100,100,14.063230425781587,0,100,100,0.2474877856243733,0.2474877856243733,6.447976270405147,0,100
2026/01/13 20:14:00,0,0,11.902143754609387,0,0.005521643599295816,0,,100,0,100,100,0.002133560913164071,2.3468017578125,100,100,14.063250301313058,0,100,100,0.2474877856243733,0.2474877856243733,6.447976270405147,0,100
2026/01/13 20:15:00,0,0,11.902096056896884,0,0.005521643599295816,0,,100,0,100,100,0.002133560913164071,2.3468017578125,100,100,14.063290052376,0,100,100,0.2474877856243733,0.2474877856243733,6.447976270405147,0,100
2026/01/13 20:16:00,0,0,11.901876647419368,0,0.005521643599295816,0,,100,0,100,100,0.002133560913164071,2.3468017578125,100,100,14.063309927907472,0,100,100,0.2474877856243733,0.2474877856243733,6.447976270405147,0,100
2026/01/13 20:17:00,0,0,11.901857568334366,0,0.005521643599295816,0,,100,0,100,100,0.002133560913164071,2.3468017578125,100,100,14.063329803438945,0,100,100,0.2474877856243733,0.2474877856243733,6.447976270405147,0,100
2026/01/13 20:18:00,0,0,11.901857568334366,0,0.005521643599295816,0,,100,0,100,100,0.002133560913164071,2.3468017578125,100,100,14.063349678970416,0,100,100,0.2474877856243733,0.2474877856243733,6.447976270405147,0,100
2026/01/13 20:19:00,0,0,11.901857568334366,0,0.005521643599295816,0,,100,0,100,100,0.002133560913164071,2.3468017578125,100,100,14.063349678970416,0,100,100,0.2474877856243733,0.2474877856243733,6.447976270405147,0,100
2026/01/13 20:20:00,0,0,11.90190526604687,0,0.005521643599295816,0,,100,0,100,100,0.002133560913164071,2.3468017578125,100,100,14.063369554501886,0,100,100,0.2474877856243733,0.2474877856243733,6.447976270405147,0,100
2026/01/13 20:21:00,0,0,11.901857568334366,0,0.005521643599295816,0,,100,0,100,100,0.002133560913164071,2.3468017578125,100,100,14.06338943003336,0,100,100,0.2474877856243733,0.2474877856243733,6.447976270405147,0,100
2026/01/13 20:22:00,0,0,11.901857568334366,0,0.005521643599295816,0,,100,0,100,100,0.002133560913164071,2.3468017578125,100,100,14.06340930556483,0,100,100,0.2474877856243733,0.2474877856243733,6.447976270405147,0,100
2026/01/13 20:23:00,0,0,11.901857568334366,0,0.005521643599295816,0,,100,0,100,100,0.002133560913164071,2.3468017578125,100,100,14.063429181096302,0,100,100,0.2474877856243733,0.2474877856243733,6.447976270405147,0,100
2026/01/13 20:24:00,0,0,11.901857568334366,0,0.005521643599295816,0,,100,0,100,100,0.002133560913164071,2.3468017578125,100,100,14.063449056627775,0,100,100,0.2474877856243733,0.2474877856243733,6.447976270405147,0,100
2026/01/13 20:25:00,0,0,11.901857568334366,0,0.005521643599295816,0,,100,0,100,100,0.002133560913164071,2.3468017578125,100,100,14.063468932159246,0,100,100,0.2474877856243733,0.2474877856243733,6.447976270405147,0,100
2026/01/13 20:26:00,0,0,11.90137105166683,0,0.005521643599295816,0,,100,0,100,100,0.002133560913164071,2.3468017578125,100,100,14.06348880769072,0,100,100,0.2474877856243733,0.2474877856243733,6.447976270405147,0,100
2026/01/13 20:27:00,0,0,11.90137105166683,0,0.005521643599295816,0,,100,0,100,100,0.002133560913164071,2.3468017578125,100,100,14.063508683222189,0,100,100,0.2474877856243733,0.2474877856243733,6.447976270405147,0,100
2026/01/13 20:28:00,0,0,11.90137105166683,0,0.005521643599295816,0,,100,0,100,100,0.002133560913164071,2.3468017578125,100,100,14.06352855875366,0,100,100,0.2474877856243733,0.2474877856243733,6.447976270405147,0,100
2026/01/13 20:29:00,0,0,11.90137105166683,0,0.005521643599295816,0,,100,0,100,100,0.002133560913164071,2.3468017578125,100,100,14.063548434285133,0,100,100,0.2474877856243733,0.2474877856243733,6.447976270405147,0,100
2026/01/13 20:30:00,0,0,11.902096056896884,0,0.005521643599295816,0,,100,0,100,100,0.002133560913164071,2.3468017578125,100,100,14.063608060879549,0,100,100,0.2474877856243733,0.2474877856243733,6.447976270405147,0,100
2026/01/13 20:31:00,0,0,11.90139013075183,0,0.005521643599295816,0,,100,0,100,100,0.002133560913164071,2.3468017578125,100,100,14.063627936411018,0,100,100,0.2474877856243733,0.2474877856243733,6.447976270405147,0,100
2026/01/13 20:32:00,0,0,11.90139013075183,0,0.005521643599295816,0,,100,0,100,100,0.002133560913164071,2.3468017578125,100,100,14.063627936411018,0,100,100,0.2474877856243733,0.2474877856243733,6.447976270405147,0,100
2026/01/13 20:33:00,0,0,11.90139013075183,0,0.005521643599295816,0,,100,0,100,100,0.002133560913164071,2.3468017578125,100,100,14.064721090641964,0,100,100,0.2474877856243733,0.2474877856243733,6.447976270405147,0,100
2026/01/13 20:34:00,0,0,11.90139013075183,0,0.005521643599295816,0,,100,0,100,100,0.002133560913164071,2.3468017578125,100,100,14.064760841704906,0,100,100,0.2474877856243733,0.2474877856243733,6.447976270405147,0,100
2026/01/13 20:35:00,0,0,11.90139013075183,0,0.005521643599295816,0,,100,0,100,100,0.002133560913164071,2.3468017578125,100,100,14.064979472551094,0,100,100,0.2474877856243733,0.2474877856243733,6.447976270405147,0,100
2026/01/13 20:36:00,0,0,11.90139013075183,0,0.005521643599295816,0,,100,0,100,100,0.002133560913164071,2.3468017578125,100,100,14.064979472551094,0,100,100,0.2474877856243733,0.2474877856243733,6.447976270405147,0,100
2026/01/13 20:37:00,0,0,11.90139013075183,0,0.005521643599295816,0,,100,0,100,100,0.002133560913164071,2.3468017578125,100,100,14.06503909914551,0,100,100,0.2474877856243733,0.2474877856243733,6.447976270405147,0,100
2026/01/13 20:38:00,0,0,11.90139013075183,0,0.005521643599295816,0,,100,0,100,100,0.002133560913164071,2.3468017578125,100,100,14.064979472551094,0,100,100,0.2474877856243733,0.2474877856243733,6.447976270405147,0,100
2026/01/13 20:39:00,0,0,11.901523684346841,0,0.005521643599295816,0,,100,0,100,100,0.002133560913164071,2.3468017578125,100,100,14.064979472551094,0,100,100,0.2474877856243733,0.2474877856243733,6.447976270405147,0,100
2026/01/13 20:40:00,0,0,11.901657237941851,0,0.005521643599295816,0,,100,0,100,100,0.002133560913164071,2.3468017578125,100,100,14.064979472551094,0,100,100,0.2474877856243733,0.2474877856243733,6.447976270405147,0,100
2026/01/13 20:41:00,0,0,11.902010201014377,0,0.005521643599295816,0,,100,0,100,100,0.002133560913164071,2.3468017578125,100,100,14.06499934808257,0,100,100,0.2474877856243733,0.2474877856243733,6.447976270405147,0,100
2026/01/13 20:42:00,0,0,11.901724014739356,0,0.005521643599295816,0,,100,0,100,100,0.002133560913164071,2.3468017578125,100,100,14.06499934808257,0,100,100,0.2474877856243733,0.2474877856243733,6.447976270405147,0,100
2026/01/13 20:43:00,0,0,11.901724014739356,0,0.005521643599295816,0,,100,0,100,100,0.002133560913164071,2.3468017578125,100,100,14.065019223614039,0,100,100,0.2474877856243733,0.2474877856243733,6.447976270405147,0,100
2026/01/13 20:44:00,0,0,11.901724014739356,0,0.005521643599295816,0,,100,0,100,100,0.002133560913164071,2.3468017578125,100,100,14.06503909914551,0,100,100,0.2474877856243733,0.2474877856243733,6.447976270405147,0,100
2026/01/13 20:45:00,0,0,11.901724014739356,0,0.005521643599295816,0,,100,0,100,100,0.002133560913164071,2.3468017578125,100,100,14.065058974676983,0,100,100,0.2474877856243733,0.2474877856243733,6.447976270405147,0,100
2026/01/13 20:46:00,0,0,11.901724014739356,0,0.005521643599295816,0,,100,0,100,100,0.002133560913164071,2.3468017578125,100,100,14.065078850208454,0,100,100,0.2474877856243733,0.2474877856243733,6.447976270405147,0,100
2026/01/13 20:47:00,0,0,11.90136151212433,0,0.005521643599295816,0,,100,0,100,100,0.002133560913164071,2.3468017578125,100,100,14.065098725739928,0,100,100,0.2474877856243733,0.2474877856243733,6.447976270405147,0,100
2026/01/13 20:48:00,0,0,11.90136151212433,0,0.005521643599295816,0,,100,0,100,100,0.002133560913164071,2.3468017578125,100,100,14.065118601271397,0,100,100,0.2474877856243733,0.2474877856243733,6.447976270405147,0,100
2026/01/13 20:49:00,0,0,11.901714475196856,0,0.005521643599295816,0,,100,0,100,100,0.002133560913164071,2.3468017578125,100,100,14.065138476802868,0,100,100,0.2474877856243733,0.2474877856243733,6.447976270405147,0,100
2026/01/13 20:50:00,0,0,11.901991121929377,0,0.005521643599295816,0,,100,0,100,100,0.002133560913164071,2.3468017578125,100,100,14.065158352334342,0,100,100,0.2474877856243733,0.2474877856243733,6.447976270405147,0,100
2026/01/13 20:51:00,0,0,11.901943424216872,0,0.005521643599295816,0,,100,0,100,100,0.002133560913164071,2.3468017578125,100,100,14.065178227865813,0,100,100,0.2474877856243733,0.2474877856243733,6.447976270405147,0,100
2026/01/13 20:52:00,0,0,11.90139013075183,0,0.005521643599295816,0,,100,0,100,100,0.002133560913164071,2.3468017578125,100,100,14.065198103397286,0,100,100,0.2474877856243733,0.2474877856243733,6.447976270405147,0,100
2026/01/13 20:53:00,0,0,11.90243948042691,0,0.005521643599295816,0,,100,0,100,100,0.002133560913164071,2.3468017578125,100,100,14.065217978928757,0,100,100,0.2474877856243733,0.2474877856243733,6.447976270405147,0,100
2026/01/13 20:54:00,0,0,11.902296387289399,0,0.005521643599295816,0,,100,0,100,100,0.002133560913164071,2.3468017578125,100,100,14.065217978928757,0,100,100,0.2474877856243733,0.2474877856243733,6.447976270405147,0,100
2026/01/13 20:55:00,0,0,11.902296387289399,0,0.005521643599295816,0,,100,0,100,100,0.002133560913164071,2.3468017578125,100,100,14.065237854460227,0,100,100,0.2474877856243733,0.2474877856243733,6.447976270405147,0,100
2026/01/13 20:56:00,0,0,11.902296387289399,0,0.005521643599295816,0,,100,0,100,100,0.002133560913164071,2.3468017578125,100,100,14.065257729991702,0,100,100,0.2474877856243733,0.2474877856243733,6.447976270405147,0,100
2026/01/13 20:57:00,0,0,16.922824051819557,0,0.005521643599295816,0,,100,0,100,100,0.002133560913164071,2.3468017578125,100,100,14.065277605523171,0,100,100,0.2474877856243733,0.2474877856243733,6.447976270405147,0,100
2026/01/13 20:58:00,0,0,16.922928986787067,0,0.005521643599295816,0,,100,0,100,100,0.002133560913164071,2.3468017578125,100,100,14.065297481054643,0,100,100,0.2474877856243733,0.2474877856243733,6.447976270405147,0,100
2026/01/13 20:59:00,0,0,16.922928986787067,0,0.005521643599295816,0,,100,0,100,100,0.002133560913164071,2.3468017578125,100,100,14.065317356586116,0,100,100,0.2474877856243733,0.2474877856243733,6.447976270405147,0,100
2026/01/13 21:00:00,0,0,16.923033921754573,0,0.005521643599295816,0,,100,0,100,100,0.002133560913164071,2.3468017578125,100,100,14.068894952251023,0,100,100,0.2474877856243733,0.2474877856243733,6.447976270405147,0,100
2026/01/13 21:01:00,0,0,16.92298622404207,0,0.005521643599295816,0,,100,0,100,100,0.002133560913164071,2.3468017578125,100,100,14.068914827782494,0,100,100,0.2474877856243733,0.2474877856243733,6.447976270405147,0,100
2026/01/13 21:02:00,0,0,16.922938526329567,0,0.005521643599295816,0,,100,0,100,100,0.002133560913164071,2.3468017578125,100,100,14.068934703313968,0,100,100,0.2474877856243733,0.2474877856243733,6.447976270405147,0,100
2026/01/13 21:03:00,0,0,16.922938526329567,0,0.005521643599295816,0,,100,0,100,100,0.002133560913164071,2.3468017578125,100,100,14.068954578845439,0,100,100,0.2474877856243733,0.2474877856243733,6.447976270405147,0,100
2026/01/13 21:04:00,0,0,16.922938526329567,0,0.005521643599295816,0,,100,0,100,100,0.002133560913164071,2.3468017578125,100,100,14.068974454376908,0,100,100,0.2474877856243733,0.2474877856243733,6.447976270405147,0,100
2026/01/13 21:05:00,0,0,16.922938526329567,0,0.005521643599295816,0,,100,0,100,100,0.002133560913164071,2.3468017578125,100,100,14.068994329908383,0,100,100,0.2474877856243733,0.2474877856243733,6.447976270405147,0,100
2026/01/13 21:06:00,0,0,16.922938526329567,0,0.005521643599295816,0,,100,0,100,100,0.002133560913164071,2.3468017578125,100,100,14.068994329908383,0,100,100,0.2474877856243733,0.2474877856243733,6.447976270405147,0,100
2026/01/13 21:07:00,0,0,16.922938526329567,0,0.005521643599295816,0,,100,0,100,100,0.002133560913164071,2.3468017578125,100,100,14.069014205439853,0,100,100,0.2474877856243733,0.2474877856243733,6.447976270405147,0,100
2026/01/13 21:08:00,0,0,16.922938526329567,0,0.005521643599295816,0,,100,0,100,100,0.002133560913164071,2.3468017578125,100,100,14.069034080971324,0,100,100,0.2474877856243733,0.2474877856243733,6.447976270405147,0,100
2026/01/13 21:09:00,0,0,16.923053000839573,0,0.005521643599295816,0,,100,0,100,100,0.002133560913164071,2.3468017578125,100,100,14.069053956502797,0,100,100,0.2474877856243733,0.2474877856243733,6.447976270405147,0,100
2026/01/13 21:10:00,0,0,16.923673071102122,0,0.005521643599295816,0,,100,0,100,100,0.002133560913164071,2.3468017578125,100,100,14.069073832034269,0,100,100,0.2474877856243733,0.2474877856243733,6.447976270405147,0,100
2026/01/13 21:11:00,0,0,16.92352997796461,0,0.005521643599295816,0,,100,0,100,100,0.002133560913164071,2.3468017578125,100,100,14.069093707565742,0,100,100,0.2474877856243733,0.2474877856243733,6.447976270405147,0,100
2026/01/13 21:12:00,0,0,16.92352997796461,0,0.005521643599295816,0,,100,0,100,100,0.002133560913164071,2.3468017578125,100,100,14.069113583097211,0,100,100,0.2474877856243733,0.2474877856243733,6.447976270405147,0,100
2026/01/13 21:13:00,0,0,16.922919447244567,0,0.005521643599295816,0,,100,0,100,100,0.002133560913164071,2.3468017578125,100,100,14.069133458628682,0,100,100,0.2474877856243733,0.2474877856243733,6.447976270405147,0,100
2026/01/13 21:14:00,0,0,16.92296714495707,0,0.005521643599295816,0,,100,0,100,100,0.002133560913164071,2.3468017578125,100,100,14.069153334160156,0,100,100,0.2474877856243733,0.2474877856243733,6.447976270405147,0,100
2026/01/13 21:15:00,0,0,16.92308161946708,0,0.005521643599295816,0,,100,0,100,100,0.002133560913164071,2.3468017578125,100,100,14.069173209691627,0,100,100,0.2474877856243733,0.2474877856243733,6.447976270405147,0,100
2026/01/13 21:16:00,0,0,16.92308161946708,0,0.005521643599295816,0,,100,0,100,100,0.002133560913164071,2.3468017578125,100,100,14.0691930852231,0,100,100,0.2474877856243733,0.2474877856243733,6.447976270405147,0,100
2026/01/13 21:17:00,0,0,16.92308161946708,0,0.005521643599295816,0,,100,0,100,100,0.002133560913164071,2.3468017578125,100,100,14.069212960754571,0,100,100,0.2474877856243733,0.2474877856243733,6.447976270405147,0,100
2026/01/13 21:18:00,0,0,12.60526527416693,0,0.005521643599295816,0,,100,0,100,100,0.002133560913164071,2.3468017578125,100,100,14.069212960754571,0,100,100,0.2474877856243733,0.2474877856243733,6.447976270405147,0,100
2026/01/13 21:19:00,0,0,12.60526527416693,0,0.005521643599295816,0,,100,0,100,100,0.002133560913164071,2.3468017578125,100,100,14.06923283628604,0,100,100,0.2474877856243733,0.2474877856243733,6.447976270405147,0,100
2026/01/13 21:20:00,0,0,12.605322511421932,0,0.005521643599295816,0,,100,0,100,100,0.002133560913164071,2.3468017578125,100,100,14.069252711817516,0,100,100,0.2474877856243733,0.2474877856243733,6.447976270405147,0,100
2026/01/13 21:21:00,0,0,12.60527481370943,0,0.005521643599295816,0,,100,0,100,100,0.002133560913164071,2.3468017578125,100,100,14.069272587348985,0,100,100,0.2474877856243733,0.2474877856243733,6.447976270405147,0,100
2026/01/13 21:22:00,0,0,12.60527481370943,0,0.005521643599295816,0,,100,0,100,100,0.002133560913164071,2.3468017578125,100,100,14.069292462880457,0,100,100,0.2474877856243733,0.2474877856243733,6.447976270405147,0,100
2026/01/13 21:23:00,0,0,12.605475144101943,0,0.005521643599295816,0,,100,0,100,100,0.002133560913164071,2.3468017578125,100,100,14.06931233841193,0,100,100,0.2474877856243733,0.2474877856243733,6.447976270405147,0,100
2026/01/13 21:24:00,0,0,12.605379748676937,0,0.005521643599295816,0,,100,0,100,100,0.002133560913164071,2.3468017578125,100,100,14.069332213943401,0,100,100,0.2474877856243733,0.2474877856243733,6.447976270405147,0,100
2026/01/13 21:25:00,0,0,12.60554192089945,0,0.005521643599295816,0,,100,0,100,100,0.002133560913164071,2.3468017578125,100,100,14.069391840537815,0,100,100,0.2474877856243733,0.2474877856243733,6.447976270405147,0,100
2026/01/13 21:26:00,0,0,12.605503762729448,0,0.005521643599295816,0,,100,0,100,100,0.002133560913164071,2.3468017578125,100,100,14.069411716069288,0,100,100,0.2474877856243733,0.2474877856243733,6.447976270405147,0,100
2026/01/13 21:27:00,0,0,12.605503762729448,0,0.005521643599295816,0,,100,0,100,100,0.002133560913164071,2.3468017578125,100,100,14.06943159160076,0,100,100,0.2474877856243733,0.2474877856243733,6.447976270405147,0,100
2026/01/13 21:28:00,0,0,12.605503762729448,0,0.005521643599295816,0,,100,0,100,100,0.002133560913164071,2.3468017578125,100,100,14.069451467132232,0,100,100,0.2474877856243733,0.2474877856243733,6.447976270405147,0,100
2026/01/13 21:29:00,0,0,12.605503762729448,0,0.005521643599295816,0,,100,0,100,100,0.002133560913164071,2.3468017578125,100,100,14.069491218195173,0,100,100,0.2474877856243733,0.2474877856243733,6.447976270405147,0,100
2026/01/13 21:30:00,0,0,12.605503762729448,0,0.005521643599295816,0,,100,0,100,100,0.002133560913164071,2.3468017578125,100,100,14.069491218195173,0,100,100,0.2474877856243733,0.2474877856243733,6.447976270405147,0,100
2026/01/13 21:31:00,0,0,12.605503762729448,0,0.005521643599295816,0,,100,0,100,100,0.002133560913164071,2.3468017578125,100,100,14.069491218195173,0,100,100,0.2474877856243733,0.2474877856243733,6.447976270405147,0,100
2026/01/13 21:32:00,0,0,12.605503762729448,0,0.005521643599295816,0,,100,0,100,100,0.002133560913164071,2.3468017578125,100,100,14.069491218195173,0,100,100,0.2474877856243733,0.2474877856243733,6.447976270405147,0,100
2026/01/13 21:33:00,0,0,12.605503762729448,0,0.005521643599295816,0,,100,0,100,100,0.002133560913164071,2.3468017578125,100,100,14.069491218195173,0,100,100,0.2474877856243733,0.2474877856243733,6.447976270405147,0,100
2026/01/13 21:34:00,0,0,12.605503762729448,0,0.005521643599295816,0,,100,0,100,100,0.002133560913164071,2.3468017578125,100,100,14.069491218195173,0,100,100,0.2474877856243733,0.2474877856243733,6.447976270405147,0,100
2026/01/13 21:35:00,0,0,12.605503762729448,0,0.005521643599295816,0,,100,0,100,100,0.002133560913164071,2.3468017578125,100,100,14.069491218195173,0,100,100,0.2474877856243733,0.2474877856243733,6.447976270405147,0,100
2026/01/13 21:36:00,0,0,12.605618237239455,0,0.005521643599295816,0,,100,0,100,100,0.002133560913164071,2.3468017578125,100,100,14.069491218195173,0,100,100,0.2474877856243733,0.2474877856243733,6.447976270405147,0,100
2026/01/13 21:37:00,0,0,12.605618237239455,0,0.005521643599295816,0,,100,0,100,100,0.002133560913164071,2.3468017578125,100,100,14.069491218195173,0,100,100,0.2474877856243733,0.2474877856243733,6.447976270405147,0,100
2026/01/13 21:38:00,0,0,12.605618237239455,0,0.005521643599295816,0,,100,0,100,100,0.002133560913164071,2.3468017578125,100,100,14.069491218195173,0,100,100,0.2474877856243733,0.2474877856243733,6.447976270405147,0,100
2026/01/13 21:39:00,0,0,12.605618237239455,0,0.005521643599295816,0,,100,0,100,100,0.002133560913164071,2.3468017578125,100,100,14.069491218195173,0,100,100,0.2474877856243733,0.2474877856243733,6.447976270405147,0,100
2026/01/13 21:40:00,0,0,12.606333702927008,0,0.005521643599295816,0,,100,0,100,100,0.002133560913164071,2.3468017578125,100,100,14.069491218195173,0,100,100,0.2474877856243733,0.2474877856243733,6.447976270405147,0,100
2026/01/13 21:41:00,0,0,12.606238307502002,0,0.005521643599295816,0,,100,0,100,100,0.002133560913164071,2.3468017578125,100,100,14.07070362561495,0,100,100,0.2474877856243733,0.2474877856243733,6.447976270405147,0,100
2026/01/13 21:42:00,0,0,12.606553112404525,0,0.005521643599295816,0,,100,0,100,100,0.002133560913164071,2.3468017578125,100,100,14.07070362561495,0,100,100,0.2474877856243733,0.2474877856243733,6.447976270405147,0,100
2026/01/13 21:43:00,0,0,12.606553112404525,0,0.005521643599295816,0,,100,0,100,100,0.002133560913164071,2.3468017578125,100,100,14.07070362561495,0,100,100,0.2474877856243733,0.2474877856243733,6.447976270405147,0,100
2026/01/13 21:44:00,0,0,12.605904423514477,0,0.005521643599295816,0,,100,0,100,100,0.002133560913164071,2.3468017578125,100,100,14.07070362561495,0,100,100,0.2474877856243733,0.2474877856243733,6.447976270405147,0,100
2026/01/13 21:45:00,0,0,12.605856725801972,0,0.005521643599295816,0,,100,0,100,100,0.002133560913164071,2.3468017578125,100,100,14.07070362561495,0,100,100,0.2474877856243733,0.2474877856243733,6.447976270405147,0,100
2026/01/13 21:46:00,0,0,12.605856725801972,0,0.005521643599295816,0,,100,0,100,100,0.002133560913164071,2.3468017578125,100,100,14.07070362561495,0,100,100,0.2474877856243733,0.2474877856243733,6.447976270405147,0,100
2026/01/13 21:47:00,0,0,12.605856725801972,0,0.005521643599295816,0,,100,0,100,100,0.002133560913164071,2.3468017578125,100,100,14.07070362561495,0,100,100,0.2474877856243733,0.2474877856243733,6.447976270405147,0,100
2026/01/13 21:48:00,0,0,12.605856725801972,0,0.005521643599295816,0,,100,0,100,100,0.002133560913164071,2.3468017578125,100,100,14.07070362561495,0,100,100,0.2474877856243733,0.2474877856243733,6.447976270405147,0,100
2026/01/13 21:49:00,0,0,12.605856725801972,0,0.005521643599295816,0,,100,0,100,100,0.002133560913164071,2.3468017578125,100,100,14.07070362561495,0,100,100,0.2474877856243733,0.2474877856243733,6.447976270405147,0,100
2026/01/13 21:50:00,0,0,12.60597120031198,0,0.005521643599295816,0,,100,0,100,100,0.002133560913164071,2.3468017578125,100,100,14.07070362561495,0,100,100,0.2474877856243733,0.2474877856243733,6.447976270405147,0,100
2026/01/13 21:51:00,0,0,12.605875804886974,0,0.005521643599295816,0,,100,0,100,100,0.002133560913164071,2.3468017578125,100,100,14.07070362561495,0,100,100,0.2474877856243733,0.2474877856243733,6.447976270405147,0,100
2026/01/13 21:52:00,0,0,12.605875804886974,0,0.005521643599295816,0,,100,0,100,100,0.002133560913164071,2.3468017578125,100,100,14.07070362561495,0,100,100,0.2474877856243733,0.2474877856243733,6.447976270405147,0,100
2026/01/13 21:53:00,0,0,12.605875804886974,0,0.005521643599295816,0,,100,0,100,100,0.002133560913164071,2.3468017578125,100,100,14.07070362561495,0,100,100,0.2474877856243733,0.2474877856243733,6.447976270405147,0,100
2026/01/13 21:54:00,0,0,12.605875804886974,0,0.005521643599295816,0,,100,0,100,100,0.002133560913164071,2.3468017578125,100,100,14.07070362561495,0,100,100,0.2474877856243733,0.2474877856243733,6.447976270405147,0,100
2026/01/13 21:55:00,0,0,12.605875804886974,0,0.005521643599295816,0,,100,0,100,100,0.002133560913164071,2.3468017578125,100,100,14.07070362561495,0,100,100,0.2474877856243733,0.2474877856243733,6.447976270405147,0,100
2026/01/13 21:56:00,0,0,12.605875804886974,0,0.005521643599295816,0,,100,0,100,100,0.002133560913164071,2.3468017578125,100,100,14.07070362561495,0,100,100,0.2474877856243733,0.2474877856243733,6.447976270405147,0,100
2026/01/13 21:57:00,0,0,12.605875804886974,0,0.005521643599295816,0,,100,0,100,100,0.002133560913164071,2.3468017578125,100,100,14.07070362561495,0,100,100,0.2474877856243733,0.2474877856243733,6.447976270405147,0,100
2026/01/13 21:58:00,0,0,12.605875804886974,0,0.005521643599295816,0,,100,0,100,100,0.002133560913164071,2.3468017578125,100,100,14.07070362561495,0,100,100,0.2474877856243733,0.2474877856243733,6.447976270405147,0,100
2026/01/13 21:59:00,0,0,12.605875804886974,0,0.005521643599295816,0,,100,0,100,100,0.002133560913164071,2.3468017578125,100,100,14.07070362561495,0,100,100,0.2474877856243733,0.2474877856243733,6.447976270405147,0,100
2026/01/13 22:00:00,0,0,12.605875804886974,0,0.005521643599295816,0,,100,0,100,100,0.002133560913164071,2.3468017578125,100,100,14.07070362561495,0,100,100,0.2474877856243733,0.2474877856243733,6.447976270405147,0,100
2026/01/13 22:01:00,0,0,12.606572191489526,0,0.005521643599295816,0,,100,0,100,100,0.002133560913164071,2.3468017578125,100,100,14.07070362561495,0,100,100,0.2474877856243733,0.2474877856243733,6.447976270405147,0,100
2026/01/13 22:02:00,0,0,12.606619889202031,0,0.005521643599295816,0,,100,0,100,100,0.002133560913164071,2.3468017578125,100,100,14.07070362561495,0,100,100,0.2474877856243733,0.2474877856243733,6.447976270405147,0,100
2026/01/13 22:03:00,0,0,12.606572191489526,0,0.005521643599295816,0,,100,0,100,100,0.002133560913164071,2.3468017578125,100,100,14.07070362561495,0,100,100,0.2474877856243733,0.2474877856243733,6.447976270405147,0,100
2026/01/13 22:04:00,0,0,12.606572191489526,0,0.005521643599295816,0,,100,0,100,100,0.002133560913164071,2.3468017578125,100,100,14.07070362561495,0,100,100,0.2474877856243733,0.2474877856243733,6.447976270405147,0,100
2026/01/13 22:05:00,0,0,12.605484683644445,0,0.005521643599295816,0,,100,0,100,100,0.002133560913164071,2.3468017578125,100,100,14.07070362561495,0,100,100,0.2474877856243733,0.2474877856243733,6.447976270405147,0,100
2026/01/13 22:06:00,0,0,12.605484683644445,0,0.005521643599295816,0,,100,0,100,100,0.002133560913164071,2.3468017578125,100,100,14.07070362561495,0,100,100,0.2474877856243733,0.2474877856243733,6.447976270405147,0,100
2026/01/13 22:07:00,0,0,12.605694553579461,0,0.006267811653254711,0,0,100,0,100,100,0.002133560913164071,2.3468017578125,100,100,14.07070362561495,0,100,100,0.2474877856243733,0.2474877856243733,6.447976270405147,0,100
2026/01/13 22:08:00,0,0,12.60554192089945,0,0.005521643599295816,0,,100,0,100,100,0.002133560913164071,2.3468017578125,100,100,14.07070362561495,0,100,100,0.2474877856243733,0.2474877856243733,6.447976270405147,0,100
2026/01/13 22:09:00,0,0,12.605704093121961,0,0.005521643599295816,0,,100,0,100,100,0.002133560913164071,2.3468017578125,100,100,14.07070362561495,0,100,100,0.2474877856243733,0.2474877856243733,6.447976270405147,0,100
2026/01/13 22:10:00,0,0,12.60636232155451,0,0.005521643599295816,0,,100,0,100,100,0.002133560913164071,2.3468017578125,100,100,14.07070362561495,0,100,100,0.2474877856243733,0.2474877856243733,6.447976270405147,0,100
2026/01/13 22:11:00,0,0,12.606333702927008,0,0.005521643599295816,0,,100,0,100,100,0.002133560913164071,2.3468017578125,100,100,14.07070362561495,0,100,100,0.2474877856243733,0.2474877856243733,6.447976270405147,0,100
2026/01/13 22:12:00,0,0,12.606295544757003,0,0.005521643599295816,0,,100,0,100,100,0.002133560913164071,2.3468017578125,100,100,14.07070362561495,0,100,100,0.2474877856243733,0.2474877856243733,6.447976270405147,0,100
2026/01/13 22:13:00,0,0,12.606295544757003,0,0.005521643599295816,0,,100,0,100,100,0.002133560913164071,2.3468017578125,100,100,14.07070362561495,0,100,100,0.2474877856243733,0.2474877856243733,6.447976270405147,0,100
2026/01/13 22:14:00,0,0,12.606295544757003,0,0.005521643599295816,0,,100,0,100,100,0.002133560913164071,2.3468017578125,100,100,14.07070362561495,0,100,100,0.2474877856243733,0.2474877856243733,6.447976270405147,0,100
2026/01/13 22:15:00,0,0,12.605627776781954,0,0.005521643599295816,0,,100,0,100,100,0.002133560913164071,2.3468017578125,100,100,14.07070362561495,0,100,100,0.2474877856243733,0.2474877856243733,6.447976270405147,0,100
2026/01/13 22:16:00,0,0,12.605580079069453,0,0.005521643599295816,0,,100,0,100,100,0.002133560913164071,2.3468017578125,100,100,14.07070362561495,0,100,100,0.2474877856243733,0.2474877856243733,6.447976270405147,0,100
2026/01/13 22:17:00,0,0,12.605694553579461,0,0.005521643599295816,0,,100,0,100,100,0.002133560913164071,2.3468017578125,100,100,14.07070362561495,0,100,100,0.2474877856243733,0.2474877856243733,6.447976270405147,0,100
2026/01/13 22:18:00,0,0,12.605694553579461,0,0.005521643599295816,0,,100,0,100,100,0.002133560913164071,2.3468017578125,100,100,14.07070362561495,0,100,100,0.2474877856243733,0.2474877856243733,6.447976270405147,0,100
2026/01/13 22:19:00,0,0,12.605694553579461,0,0.005521643599295816,0,,100,0,100,100,0.002133560913164071,2.3468017578125,100,100,14.07070362561495,0,100,100,0.2474877856243733,0.2474877856243733,6.447976270405147,0,100
2026/01/13 22:20:00,0,0,12.605904423514477,0,0.005521643599295816,0,,100,0,100,100,0.002133560913164071,2.3468017578125,100,100,14.07070362561495,0,100,100,0.2474877856243733,0.2474877856243733,6.447976270405147,0,100
2026/01/13 22:21:00,0,0,12.605770869919466,0,0.005521643599295816,0,,100,0,100,100,0.002133560913164071,2.3468017578125,100,100,14.07074337667789,0,100,100,0.24855454332103005,0.24855454332103005,6.447976270405147,0,100
2026/01/13 22:22:00,0,0,12.605770869919466,0,0.005521643599295816,0,,100,0,100,100,0.002133560913164071,2.3468017578125,100,100,14.07074337667789,0,100,100,0.24855454332103005,0.24855454332103005,6.447976270405147,0,100
2026/01/13 22:23:00,0,0,12.605770869919466,0,0.005521643599295816,0,,100,0,100,100,0.002133560913164071,2.3468017578125,100,100,14.070683750083477,0,100,100,0.2474877856243733,0.2474877856243733,6.447976270405147,0,100
2026/01/13 22:24:00,0,0,12.605770869919466,0,0.005521643599295816,0,,100,0,100,100,0.002133560913164071,2.3468017578125,100,100,14.070683750083477,0,100,100,0.2474877856243733,0.2474877856243733,6.447976270405147,0,100
2026/01/13 22:25:00,0,0,12.605770869919466,0,0.005521643599295816,0,,100,0,100,100,0.002133560913164071,2.3468017578125,100,100,14.070683750083477,0,100,100,0.2474877856243733,0.2474877856243733,6.447976270405147,0,100
2026/01/13 22:26:00,0,0,12.605770869919466,0,0.005521643599295816,0,,100,0,100,100,0.002133560913164071,2.3468017578125,100,100,14.070683750083477,0,100,100,0.2474877856243733,0.2474877856243733,6.447976270405147,0,100
2026/01/13 22:27:00,0,0,12.605770869919466,0,0.005521643599295816,0,,100,0,100,100,0.002133560913164071,2.3468017578125,100,100,14.070683750083477,0,100,100,0.2474877856243733,0.2474877856243733,6.447976270405147,0,100
2026/01/13 22:28:00,0,0,12.605770869919466,0,0.005521643599295816,0,,100,0,100,100,0.002133560913164071,2.3468017578125,100,100,14.070683750083477,0,100,100,0.2474877856243733,0.2474877856243733,6.447976270405147,0,100
2026/01/13 22:29:00,0,0,12.605856725801972,0,0.005521643599295816,0,,100,0,100,100,0.002133560913164071,2.3468017578125,100,100,14.070683750083477,0,100,100,0.2474877856243733,0.2474877856243733,6.447976270405147,0,100
2026/01/13 22:30:00,0,0,12.607154103582069,0,0.005521643599295816,0,,100,0,100,100,0.002133560913164071,2.3468017578125,100,100,14.070683750083477,0,100,100,0.2474877856243733,0.2474877856243733,6.447976270405147,0,100
2026/01/13 22:31:00,0,0,12.605799488546968,0,0.005521643599295816,0,,100,0,100,100,0.002133560913164071,2.3468017578125,100,100,14.070683750083477,0,100,100,0.2474877856243733,0.2474877856243733,6.447976270405147,0,100
2026/01/13 22:32:00,0,0,12.605799488546968,0,0.005521643599295816,0,,100,0,100,100,0.002133560913164071,2.3468017578125,100,100,14.070683750083477,0,100,100,0.2474877856243733,0.2474877856243733,6.447976270405147,0,100
2026/01/13 22:33:00,0,0,12.605799488546968,0,0.005521643599295816,0,,100,0,100,100,0.002133560913164071,2.3468017578125,100,100,14.070683750083477,0,100,100,0.2474877856243733,0.2474877856243733,6.447976270405147,0,100
2026/01/13 22:34:00,0,0,12.605799488546968,0,0.005521643599295816,0,,100,0,100,100,0.002133560913164071,2.3468017578125,100,100,14.070683750083477,0,100,100,0.2474877856243733,0.2474877856243733,6.447976270405147,0,100
2026/01/13 22:35:00,0,0,12.605847186259473,0,0.005521643599295816,0,,100,0,100,100,0.002133560913164071,2.3468017578125,100,100,14.070683750083477,0,100,100,0.2474877856243733,0.2474877856243733,6.447976270405147,0,100
2026/01/13 22:36:00,0,0,12.605799488546968,0,0.005521643599295816,0,,100,0,100,100,0.002133560913164071,2.3468017578125,100,100,14.070683750083477,0,100,100,0.2474877856243733,0.2474877856243733,6.447976270405147,0,100
2026/01/13 22:37:00,0,0,12.605799488546968,0,0.005521643599295816,0,,100,0,100,100,0.002133560913164071,2.3468017578125,100,100,14.070683750083477,0,100,100,0.2474877856243733,0.2474877856243733,6.447976270405147,0,100
2026/01/13 22:38:00,0,0,12.605799488546968,0,0.005521643599295816,0,,100,0,100,100,0.002133560913164071,2.3468017578125,100,100,14.070683750083477,0,100,100,0.2474877856243733,0.2474877856243733,6.447976270405147,0,100
2026/01/13 22:39:00,0,0,12.605799488546968,0,0.005521643599295816,0,,100,0,100,100,0.002133560913164071,2.3468017578125,100,100,14.070683750083477,0,100,100,0.2474877856243733,0.2474877856243733,6.447976270405147,0,100
2026/01/13 22:40:00,0,0,12.605847186259473,0,0.005521643599295816,0,,100,0,100,100,0.002133560913164071,2.3468017578125,100,100,14.070683750083477,0,100,100,0.2474877856243733,0.2474877856243733,6.447976270405147,0,100
2026/01/13 22:41:00,0,0,12.605799488546968,0,0.005521643599295816,0,,100,0,100,100,0.002133560913164071,2.3468017578125,100,100,14.070683750083477,0,100,100,0.2474877856243733,0.2474877856243733,6.447976270405147,0,100
2026/01/13 22:42:00,0,0,12.605799488546968,0,0.005521643599295816,0,,100,0,100,100,0.002133560913164071,2.3468017578125,100,100,14.070683750083477,0,100,100,0.2474877856243733,0.2474877856243733,6.447976270405147,0,100
2026/01/13 22:43:00,0,0,12.605799488546968,0,0.005521643599295816,0,,100,0,100,100,0.002133560913164071,2.3468017578125,100,100,14.070683750083477,0,100,100,0.2474877856243733,0.2474877856243733,6.447976270405147,0,100
2026/01/13 22:44:00,0,0,12.605799488546968,0,0.005521643599295816,0,,100,0,100,100,0.002133560913164071,2.3468017578125,100,100,14.070723501146421,0,100,100,0.2474877856243733,0.2474877856243733,6.447976270405147,0,100
2026/01/13 22:45:00,0,0,12.605799488546968,0,0.005521643599295816,0,,100,0,100,100,0.002133560913164071,2.3468017578125,100,100,14.070723501146421,0,100,100,0.2474877856243733,0.2474877856243733,6.447976270405147,0,100
2026/01/13 22:46:00,0,0,12.605799488546968,0,0.005521643599295816,0,,100,0,100,100,0.002133560913164071,2.3468017578125,100,100,14.070723501146421,0,100,100,0.2474877856243733,0.2474877856243733,6.447976270405147,0,100
2026/01/13 22:47:00,0,0,12.605799488546968,0,0.005521643599295816,0,,100,0,100,100,0.002133560913164071,2.3468017578125,100,100,14.070723501146421,0,100,100,0.2474877856243733,0.2474877856243733,6.447976270405147,0,100
2026/01/13 22:48:00,0,0,12.605799488546968,0,0.005521643599295816,0,,100,0,100,100,0.002133560913164071,2.3468017578125,100,100,14.070723501146421,0,100,100,0.2474877856243733,0.2474877856243733,6.447976270405147,0,100
2026/01/13 22:49:00,0,0,12.605799488546968,0,0.005521643599295816,0,,100,0,100,100,0.002133560913164071,2.3468017578125,100,100,14.070723501146421,0,100,100,0.2474877856243733,0.2474877856243733,6.447976270405147,0,100
2026/01/13 22:50:00,0,0,12.605856725801972,0,0.005521643599295816,0,,100,0,100,100,0.002133560913164071,2.3468017578125,100,100,14.070723501146421,0,100,100,0.2474877856243733,0.2474877856243733,6.447976270405147,0,100
2026/01/13 22:51:00,0,0,12.605723172206961,0,0.005521643599295816,0,,100,0,100,100,0.002133560913164071,2.3468017578125,100,100,14.070723501146421,0,100,100,0.2474877856243733,0.2474877856243733,6.447976270405147,0,100
2026/01/13 22:52:00,0,0,12.605723172206961,0,0.005521643599295816,0,,100,0,100,100,0.002133560913164071,2.3468017578125,100,100,14.070723501146421,0,100,100,0.2474877856243733,0.2474877856243733,6.447976270405147,0,100
2026/01/13 22:53:00,0,0,12.605723172206961,0,0.005521643599295816,0,,100,0,100,100,0.002133560913164071,2.3468017578125,100,100,14.070723501146421,0,100,100,0.2474877856243733,0.2474877856243733,6.447976270405147,0,100
2026/01/13 22:54:00,0,0,12.605732711749463,0,0.005521643599295816,0,,100,0,100,100,0.002133560913164071,2.3468017578125,100,100,14.070723501146421,0,100,100,0.2474877856243733,0.2474877856243733,6.447976270405147,0,100
2026/01/13 22:55:00,0,0,12.605732711749463,0,0.005521643599295816,0,,100,0,100,100,0.002133560913164071,2.3468017578125,100,100,14.07074337667789,0,100,100,0.2474877856243733,0.2474877856243733,6.447976270405147,0,100
2026/01/13 22:56:00,0,0,12.605761330376966,0,0.005521643599295816,0,,100,0,100,100,0.002133560913164071,2.3468017578125,100,100,14.07074337667789,0,100,100,0.2474877856243733,0.2474877856243733,6.447976270405147,0,100
2026/01/13 22:57:00,0,0,12.605913963056977,0,0.005521643599295816,0,,100,0,100,100,0.002133560913164071,2.3468017578125,100,100,14.07074337667789,0,100,100,0.2474877856243733,0.2474877856243733,6.447976270405147,0,100
2026/01/13 22:58:00,0,0,12.60597120031198,0,0.005521643599295816,0,,100,0,100,100,0.002133560913164071,2.3468017578125,100,100,14.07074337667789,0,100,100,0.2474877856243733,0.2474877856243733,6.447976270405147,0,100
2026/01/13 22:59:00,0,0,12.60597120031198,0,0.005521643599295816,0,,100,0,100,100,0.002133560913164071,2.3468017578125,100,100,14.07074337667789,0,100,100,0.2474877856243733,0.2474877856243733,6.447976270405147,0,100
2026/01/13 23:00:00,0,0,12.607335354889585,0,0.005521643599295816,0,,100,0,100,100,0.002133560913164071,2.3468017578125,100,100,14.07074337667789,0,100,100,0.2474877856243733,0.2474877856243733,6.447976270405147,0,100
2026/01/13 23:01:00,0,0,12.607239959464575,0,0.005521643599295816,0,,100,0,100,100,0.002133560913164071,2.3468017578125,100,100,14.07074337667789,0,100,100,0.2474877856243733,0.2474877856243733,6.447976270405147,0,100
2026/01/13 23:02:00,0,0,12.607201801294574,0,0.005521643599295816,0,,100,0,100,100,0.002133560913164071,2.3468017578125,100,100,14.07074337667789,0,100,100,0.2474877856243733,0.2474877856243733,6.447976270405147,0,100
2026/01/13 23:03:00,0,0,12.607201801294574,0,0.005521643599295816,0,,100,0,100,100,0.002133560913164071,2.3468017578125,100,100,14.07074337667789,0,100,100,0.2474877856243733,0.2474877856243733,6.447976270405147,0,100
2026/01/13 23:04:00,0,0,12.607201801294574,0,0.005521643599295816,0,,100,0,100,100,0.002133560913164071,2.3468017578125,100,100,14.07074337667789,0,100,100,0.2474877856243733,0.2474877856243733,6.447976270405147,0,100
2026/01/13 23:05:00,0,0,12.607335354889585,0,0.005521643599295816,0,,100,0,100,100,0.002133560913164071,2.3468017578125,100,100,14.070763252209364,0,100,100,0.2474877856243733,0.2474877856243733,6.447976270405147,0,100
2026/01/13 23:06:00,0,0,12.607230419922075,0,0.005521643599295816,0,,100,0,100,100,0.002133560913164071,2.3468017578125,100,100,14.070763252209364,0,100,100,0.2474877856243733,0.2474877856243733,6.447976270405147,0,100
2026/01/13 23:07:00,0,0,12.605990279396984,0,0.005521643599295816,0,,100,0,100,100,0.002133560913164071,2.3468017578125,100,100,14.070763252209364,0,100,100,0.2474877856243733,0.2474877856243733,6.447976270405147,0,100
2026/01/13 23:08:00,0,0,12.605990279396984,0,0.005521643599295816,0,,100,0,100,100,0.002133560913164071,2.3468017578125,100,100,14.070763252209364,0,100,100,0.2474877856243733,0.2474877856243733,6.447976270405147,0,100
2026/01/13 23:09:00,0,0,12.605990279396984,0,0.005521643599295816,0,,100,0,100,100,0.002133560913164071,2.3468017578125,100,100,14.070763252209364,0,100,100,0.2474877856243733,0.2474877856243733,6.447976270405147,0,100
2026/01/13 23:10:00,0,0,12.605990279396984,0,0.005521643599295816,0,,100,0,100,100,0.002133560913164071,2.3468017578125,100,100,14.070763252209364,0,100,100,0.2474877856243733,0.2474877856243733,6.447976270405147,0,100
2026/01/13 23:11:00,0,0,12.605990279396984,0,0.005521643599295816,0,,100,0,100,100,0.002133560913164071,2.3468017578125,100,100,14.070763252209364,0,100,100,0.2474877856243733,0.2474877856243733,6.447976270405147,0,100