Transaction Type Index,Transaction Name,Start Time (microseconds),Latency (microseconds),Worker Id (start number),Phase Id (index in config file)
2,Payment,1763696890,310536,312392,4,1
1,NewOrder,1763696890,310538,255018,6,1
1,NewOrder,1763696890,310538,327342,2,1
2,Payment,1763696890,310542,166980,9,1
1,NewOrder,1763696890,310559,291636,1,1
2,Payment,1763696890,310687,217456,3,1
2,Payment,1763696890,310940,117926,5,1
3,OrderStatus,1763696890,310951,36319,0,1
2,Payment,1763696890,311028,57590,8,1
3,OrderStatus,1763696890,311349,31112,7,1
2,Payment,1763696890,342748,332935,7,1
1,NewOrder,1763696890,347359,594150,0,1
5,StockLevel,1763696890,368682,28009,8,1
2,Payment,1763696890,396761,598227,8,1
1,NewOrder,1763696890,428954,527435,5,1
2,Payment,1763696890,477610,552880,9,1
1,NewOrder,1763696890,528330,343320,3,1
1,NewOrder,1763696890,565695,390701,6,1
1,NewOrder,1763696890,602338,335945,1,1
3,OrderStatus,1763696890,623009,26691,4,1
2,Payment,1763696890,638064,432425,2,1
2,Payment,1763696890,649769,474238,4,1
1,NewOrder,1763696890,675740,600806,7,1
2,Payment,1763696890,871722,547277,3,1
2,Payment,1763696890,938350,527155,1,1
2,Payment,1763696890,941645,562942,0,1
2,Payment,1763696890,956440,587327,5,1
1,NewOrder,1763696890,956445,415219,6,1
2,Payment,1763696890,995062,581775,8,1
2,Payment,1763696891,030558,579612,9,1
3,OrderStatus,1763696891,070555,29617,2,1
2,Payment,1763696891,100370,538639,2,1
2,Payment,1763696891,124065,543374,4,1
2,Payment,1763696891,276676,423762,7,1
1,NewOrder,1763696891,371739,502439,6,1
1,NewOrder,1763696891,419071,480901,3,1
2,Payment,1763696891,465678,549341,1,1
1,NewOrder,1763696891,504649,475948,0,1
2,Payment,1763696891,543817,506081,5,1
1,NewOrder,1763696891,576898,261215,8,1
1,NewOrder,1763696891,610220,298174,9,1
2,Payment,1763696891,639073,444989,2,1
4,Delivery,1763696891,667499,164612,4,1
1,NewOrder,1763696891,700510,490627,7,1
1,NewOrder,1763696891,832184,518728,4,1
1,NewOrder,1763696891,838184,398875,8,1
2,Payment,1763696891,874247,562348,6,1
2,Payment,1763696891,900037,562831,3,1
2,Payment,1763696891,908454,589432,9,1
1,NewOrder,1763696891,980669,222011,0,1
1,NewOrder,1763696892,015084,182560,1,1
1,NewOrder,1763696892,049979,355459,5,1
2,Payment,1763696892,084164,442864,2,1
1,NewOrder,1763696892,191195,446843,7,1
2,Payment,1763696892,197692,542504,1,1
2,Payment,1763696892,202742,567692,0,1
2,Payment,1763696892,237116,560854,8,1
1,NewOrder,1763696892,350987,356550,4,1
2,Payment,1763696892,405505,422260,5,1
1,NewOrder,1763696892,436655,188609,6,1
1,NewOrder,1763696892,462930,173759,3,1
1,NewOrder,1763696892,497946,195544,9,1
2,Payment,1763696892,527098,335567,2,1
1,NewOrder,1763696892,625326,445455,6,1
1,NewOrder,1763696892,636750,419150,3,1
2,Payment,1763696892,638092,513652,7,1
2,Payment,1763696892,693647,487117,9,1
1,NewOrder,1763696892,707635,329368,4,1
1,NewOrder,1763696892,740262,375753,1,1
1,NewOrder,1763696892,770504,282209,0,1
1,NewOrder,1763696892,798044,312440,8,1
2,Payment,1763696892,827841,378495,5,1
2,Payment,1763696892,862742,371753,2,1
5,StockLevel,1763696893,037072,79447,4,1
2,Payment,1763696893,052791,211343,0,1
1,NewOrder,1763696893,055974,490110,3,1
2,Payment,1763696893,070865,537908,6,1
1,NewOrder,1763696893,110556,335650,8,1
3,OrderStatus,1763696893,116083,21867,1,1
3,OrderStatus,1763696893,116610,21341,4,1
1,NewOrder,1763696893,138026,381980,1,1
5,StockLevel,1763696893,138026,12872,4,1
2,Payment,1763696893,150978,487917,4,1
1,NewOrder,1763696893,151799,285119,7,1
1,NewOrder,1763696893,180834,380533,9,1
2,Payment,1763696893,206411,458908,5,1
1,NewOrder,1763696893,234597,331416,2,1
1,NewOrder,1763696893,264218,512842,0,1
2,Payment,1763696893,436990,520207,7,1
1,NewOrder,1763696893,446283,336178,8,1
1,NewOrder,1763696893,520076,331813,1,1
1,NewOrder,1763696893,546157,268957,3,1
1,NewOrder,1763696893,561446,307507,9,1
1,NewOrder,1763696893,566085,355919,2,1
1,NewOrder,1763696893,608850,238172,6,1
2,Payment,1763696893,638967,347454,4,1
2,Payment,1763696893,665396,355014,5,1
2,Payment,1763696893,777174,273152,0,1
3,OrderStatus,1763696893,782547,39438,8,1
2,Payment,1763696893,815180,262480,3,1
2,Payment,1763696893,822077,282338,8,1
2,Payment,1763696893,847113,283376,6,1
1,NewOrder,1763696893,851954,386875,1,1
2,Payment,1763696893,869023,439039,9,1
2,Payment,1763696893,922070,415041,2,1
1,NewOrder,1763696893,957267,322383,7,1
1,NewOrder,1763696893,986516,289642,4,1
2,Payment,1763696894,020472,341892,5,1
2,Payment,1763696894,050401,339051,0,1
1,NewOrder,1763696894,077740,138761,3,1
2,Payment,1763696894,104482,310699,8,1
2,Payment,1763696894,130555,309741,6,1
2,Payment,1763696894,216582,249150,3,1
2,Payment,1763696894,238901,260828,1,1
1,NewOrder,1763696894,276246,420374,4,1
2,Payment,1763696894,279727,249924,7,1
2,Payment,1763696894,308136,475012,9,1
1,NewOrder,1763696894,337185,414145,2,1
2,Payment,1763696894,362535,449115,5,1
1,NewOrder,1763696894,389516,335149,0,1
2,Payment,1763696894,415253,422424,8,1
1,NewOrder,1763696894,440376,274141,6,1
4,Delivery,1763696894,465837,119937,3,1
4,Delivery,1763696894,499819,199651,1,1
1,NewOrder,1763696894,529791,434920,7,1
2,Payment,1763696894,585849,510156,3,1
1,NewOrder,1763696894,696692,341273,4,1
1,NewOrder,1763696894,699668,269565,1,1
2,Payment,1763696894,714621,409329,6,1
1,NewOrder,1763696894,724740,344359,0,1
2,Payment,1763696894,751389,401159,2,1
1,NewOrder,1763696894,783257,214044,9,1
2,Payment,1763696894,811738,377914,5,1
2,Payment,1763696894,837766,381999,8,1
1,NewOrder,1763696894,964788,428947,7,1
1,NewOrder,1763696894,969320,389603,1,1
1,NewOrder,1763696894,997358,346279,9,1
2,Payment,1763696895,038043,384114,4,1
2,Payment,1763696895,069210,379842,0,1
1,NewOrder,1763696895,096071,232562,3,1
2,Payment,1763696895,124032,357306,6,1
2,Payment,1763696895,152707,354574,2,1
5,StockLevel,1763696895,189726,15131,5,1
1,NewOrder,1763696895,204925,134932,5,1
2,Payment,1763696895,219849,317407,8,1
2,Payment,1763696895,328719,240005,3,1
1,NewOrder,1763696895,339930,352481,5,1
2,Payment,1763696895,343712,391710,9,1
1,NewOrder,1763696895,358994,347650,1,1
2,Payment,1763696895,393848,370545,7,1
2,Payment,1763696895,422245,374277,4,1
2,Payment,1763696895,449140,381791,0,1
2,Payment,1763696895,481434,386332,6,1
2,Payment,1763696895,507352,393612,2,1
5,StockLevel,1763696895,537330,14446,8,1
2,Payment,1763696895,551838,374571,8,1
2,Payment,1763696895,568803,385075,3,1
1,NewOrder,1763696895,692490,404504,5,1
1,NewOrder,1763696895,706731,383824,1,1
1,NewOrder,1763696895,735511,407945,9,1
1,NewOrder,1763696895,764478,357632,7,1
1,NewOrder,1763696895,796636,266171,4,1
2,Payment,1763696895,831025,337788,0,1
1,NewOrder,1763696895,867856,272082,6,1
1,NewOrder,1763696895,901053,195186,2,1
2,Payment,1763696895,926510,268841,8,1
1,NewOrder,1763696895,953979,362809,3,1
2,Payment,1763696896,062877,343722,4,1
1,NewOrder,1763696896,090682,268202,1,1
1,NewOrder,1763696896,096314,270150,2,1
1,NewOrder,1763696896,097042,257034,5,1
1,NewOrder,1763696896,122181,257909,7,1
5,StockLevel,1763696896,140009,11107,6,1
2,Payment,1763696896,143538,285816,9,1
1,NewOrder,1763696896,151172,161894,6,1
1,NewOrder,1763696896,168913,213986,0,1
2,Payment,1763696896,195438,256621,8,1
1,NewOrder,1763696896,313148,276949,6,1
2,Payment,1763696896,316863,301417,3,1
2,Payment,1763696896,354132,291799,5,1
1,NewOrder,1763696896,359027,214046,1,1
2,Payment,1763696896,366608,305068,2,1
2,Payment,1763696896,380158,321811,7,1
1,NewOrder,1763696896,382973,162429,0,1
2,Payment,1763696896,406659,321328,4,1
1,NewOrder,1763696896,429446,142099,9,1
1,NewOrder,1763696896,452155,381351,8,1
5,StockLevel,1763696896,545472,28966,0,1
1,NewOrder,1763696896,571670,254487,9,1
1,NewOrder,1763696896,573144,305005,1,1
1,NewOrder,1763696896,574490,300865,0,1
2,Payment,1763696896,590165,318647,6,1
1,NewOrder,1763696896,618357,203847,3,1
1,NewOrder,1763696896,646037,229318,5,1
1,NewOrder,1763696896,671767,163034,2,1
2,Payment,1763696896,702049,231882,7,1
1,NewOrder,1763696896,728081,330138,4,1
2,Payment,1763696896,822269,311704,3,1
2,Payment,1763696896,826215,336153,9,1
2,Payment,1763696896,833600,351932,8,1
1,NewOrder,1763696896,834856,229758,2,1
1,NewOrder,1763696896,875427,231110,5,1
2,Payment,1763696896,875427,336174,0,1
1,NewOrder,1763696896,878224,217721,1,1
2,Payment,1763696896,908890,329393,6,1
1,NewOrder,1763696896,934021,479442,7,1
2,Payment,1763696897,058292,381962,4,1
1,NewOrder,1763696897,064689,295406,2,1
5,StockLevel,1763696897,096035,10560,1,1
2,Payment,1763696897,106636,388761,5,1
2,Payment,1763696897,106643,357819,1,1
3,OrderStatus,1763696897,134048,15710,3,1
2,Payment,1763696897,149825,372980,3,1
1,NewOrder,1763696897,162424,252457,9,1
1,NewOrder,1763696897,185640,165775,8,1
1,NewOrder,1763696897,211679,160776,0,1
2,Payment,1763696897,238378,311500,6,1
5,StockLevel,1763696897,351477,13703,8,1
4,Delivery,1763696897,360178,76551,2,1
2,Payment,1763696897,365235,212739,8,1
1,NewOrder,1763696897,372531,361706,0,1
1,NewOrder,1763696897,413529,261388,7,1
2,Payment,1763696897,414945,374897,9,1
1,NewOrder,1763696897,436839,314184,2,1
1,NewOrder,1763696897,440346,325808,4,1
1,NewOrder,1763696897,464638,289241,1,1
1,NewOrder,1763696897,495473,231677,5,1
1,NewOrder,1763696897,522966,149368,3,1
1,NewOrder,1763696897,549960,188383,6,1
2,Payment,1763696897,578054,241676,8,1
1,NewOrder,1763696897,672406,325769,3,1
3,OrderStatus,1763696897,674994,20684,7,1
1,NewOrder,1763696897,695755,276490,7,1
1,NewOrder,1763696897,727217,252670,5,1
2,Payment,1763696897,734415,288718,0,1
2,Payment,1763696897,738435,313703,6,1
2,Payment,1763696897,751093,333123,2,1
5,StockLevel,1763696897,753979,12174,1,1
2,Payment,1763696897,766241,369702,4,1
2,Payment,1763696897,766242,344986,1,1
1,NewOrder,1763696897,789931,128942,9,1
2,Payment,1763696897,819825,342001,8,1
2,Payment,1763696897,918936,267089,9,1
1,NewOrder,1763696897,972318,327201,7,1
3,OrderStatus,1763696897,979958,13953,5,1
4,Delivery,1763696897,993974,159742,5,1
1,NewOrder,1763696897,998234,334682,3,1
2,Payment,1763696898,023224,342803,0,1
1,NewOrder,1763696898,052223,263049,6,1
1,NewOrder,1763696898,084292,187829,2,1
2,Payment,1763696898,111311,278629,1,1
2,Payment,1763696898,136040,277040,4,1
2,Payment,1763696898,153786,282660,5,1
1,NewOrder,1763696898,161894,178366,8,1
5,StockLevel,1763696898,186127,14603,9,1
2,Payment,1763696898,200841,262684,9,1
2,Payment,1763696898,272282,217261,2,1
1,NewOrder,1763696898,299674,356121,7,1
2,Payment,1763696898,315317,363155,6,1
2,Payment,1763696898,332971,373002,3,1
2,Payment,1763696898,340412,395697,8,1
1,NewOrder,1763696898,366084,211459,0,1
3,OrderStatus,1763696898,389999,14261,1,1
2,Payment,1763696898,404317,360228,1,1
3,OrderStatus,1763696898,413144,15240,4,1
2,Payment,1763696898,428447,360641,4,1
3,OrderStatus,1763696898,436613,13407,5,1
2,Payment,1763696898,450133,370914,5,1
1,NewOrder,1763696898,463624,167091,9,1
5,StockLevel,1763696898,489623,15727,2,1
2,Payment,1763696898,505389,345828,2,1
1,NewOrder,1763696898,577617,558554,0,1
1,NewOrder,1763696898,630752,373316,9,1
2,Payment,1763696898,655840,521458,7,1
2,Payment,1763696898,678522,523342,6,1
2,Payment,1763696898,706020,523678,3,1
4,Delivery,1763696898,736163,264651,8,1
1,NewOrder,1763696898,764627,383613,1,1
1,NewOrder,1763696898,789142,216789,4,1
1,NewOrder,1763696898,821090,206005,5,1
2,Payment,1763696898,851263,402238,2,1
1,NewOrder,1763696899,000856,336645,8,1
1,NewOrder,1763696899,004114,402187,9,1
2,Payment,1763696899,006022,423764,4,1
1,NewOrder,1763696899,027137,327757,5,1
2,Payment,1763696899,136216,317647,0,1
4,Delivery,1763696899,148281,55593,1,1
4,Delivery,1763696899,177344,215473,7,1
1,NewOrder,1763696899,201897,196231,6,1
2,Payment,1763696899,203920,273615,1,1
1,NewOrder,1763696899,229749,177763,3,1
2,Payment,1763696899,253556,249070,2,1
3,OrderStatus,1763696899,337540,13588,8,1
2,Payment,1763696899,351171,176557,8,1
1,NewOrder,1763696899,354940,267923,5,1
1,NewOrder,1763696899,392860,267391,7,1
1,NewOrder,1763696899,398172,307098,6,1
1,NewOrder,1763696899,406343,300966,9,1
1,NewOrder,1763696899,407549,253648,3,1
1,NewOrder,1763696899,429827,226904,4,1
2,Payment,1763696899,453911,279799,0,1
2,Payment,1763696899,477607,281878,1,1
5,StockLevel,1763696899,502674,11767,2,1
1,NewOrder,1763696899,514482,195610,2,1
1,NewOrder,1763696899,527782,390964,8,1
1,NewOrder,1763696899,622903,256895,5,1
1,NewOrder,1763696899,656775,201496,4,1
1,NewOrder,1763696899,660297,200345,7,1
2,Payment,1763696899,661231,289922,3,1
5,StockLevel,1763696899,705316,10626,6,1
1,NewOrder,1763696899,707346,153394,9,1
1,NewOrder,1763696899,710131,213570,2,1
1,NewOrder,1763696899,715982,153356,6,1
2,Payment,1763696899,733764,243484,0,1
1,NewOrder,1763696899,759540,339957,1,1
5,StockLevel,1763696899,858314,15542,4,1
1,NewOrder,1763696899,860683,240606,7,1
1,NewOrder,1763696899,860765,223759,9,1
1,NewOrder,1763696899,869385,205102,6,1
2,Payment,1763696899,873914,293345,4,1
1,NewOrder,1763696899,879840,261503,5,1
1,NewOrder,1763696899,918792,196901,8,1
2,Payment,1763696899,923757,282031,2,1
1,NewOrder,1763696899,951214,111721,3,1
1,NewOrder,1763696899,977287,402517,0,1
1,NewOrder,1763696900,062983,333997,3,1
1,NewOrder,1763696900,074533,260711,6,1
1,NewOrder,1763696900,084585,226450,9,1
2,Payment,1763696900,099543,325528,1,1
1,NewOrder,1763696900,101330,211637,7,1
1,NewOrder,1763696900,115737,249541,8,1
1,NewOrder,1763696900,141388,217659,5,1
1,NewOrder,1763696900,167311,173714,4,1
1,NewOrder,1763696900,205838,459585,2,1
1,NewOrder,1763696900,311108,305629,9,1
1,NewOrder,1763696900,313010,281103,7,1
4,Delivery,1763696900,335290,179356,6,1
1,NewOrder,1763696900,341074,257220,4,1
2,Payment,1763696900,359088,348377,5,1
3,OrderStatus,1763696900,365323,12961,8,1
2,Payment,1763696900,378326,356857,8,1
1,NewOrder,1763696900,379847,301450,0,1
2,Payment,1763696900,397029,364864,3,1
1,NewOrder,1763696900,425109,482681,1,1
2,Payment,1763696900,514695,429391,6,1
1,NewOrder,1763696900,594159,318216,7,1
1,NewOrder,1763696900,598341,320558,4,1
1,NewOrder,1763696900,616783,273529,9,1
4,Delivery,1763696900,665469,77061,2,1
1,NewOrder,1763696900,681338,196177,0,1
2,Payment,1763696900,707596,261122,5,1
2,Payment,1763696900,735236,265270,8,1
2,Payment,1763696900,742597,289339,2,1
1,NewOrder,1763696900,761954,455774,3,1
2,Payment,1763696900,877560,427814,0,1
4,Delivery,1763696900,890357,237414,9,1
1,NewOrder,1763696900,907834,367969,1,1
1,NewOrder,1763696900,912419,256072,7,1
2,Payment,1763696900,918941,417158,4,1
2,Payment,1763696900,944128,414900,6,1
3,OrderStatus,1763696900,968772,17656,5,1
1,NewOrder,1763696900,986471,266672,5,1
2,Payment,1763696901,000549,381644,8,1
1,NewOrder,1763696901,031990,495529,2,1
1,NewOrder,1763696901,127812,381657,9,1
2,Payment,1763696901,168534,384125,7,1
2,Payment,1763696901,217772,360449,3,1
2,Payment,1763696901,253189,355950,5,1
2,Payment,1763696901,275855,357523,1,1
1,NewOrder,1763696901,305422,206482,0,1
2,Payment,1763696901,336161,320038,4,1
1,NewOrder,1763696901,359091,127260,6,1
1,NewOrder,1763696901,382253,410741,8,1
1,NewOrder,1763696901,486394,321250,6,1
4,Delivery,1763696901,509514,242084,9,1
1,NewOrder,1763696901,511952,368240,0,1
1,NewOrder,1763696901,527583,344951,2,1
1,NewOrder,1763696901,552708,221759,7,1
3,OrderStatus,1763696901,578276,18108,3,1
1,NewOrder,1763696901,596424,228890,3,1
4,Delivery,1763696901,609181,292986,5,1
2,Payment,1763696901,633426,276535,1,1
2,Payment,1763696901,656246,279479,4,1
4,Delivery,1763696901,751660,385326,9,1
3,OrderStatus,1763696901,774584,14627,7,1
2,Payment,1763696901,789269,171041,7,1
2,Payment,1763696901,793028,197218,8,1
3,OrderStatus,1763696901,807685,16134,6,1
1,NewOrder,1763696901,823860,273326,6,1
1,NewOrder,1763696901,825352,460974,3,1
2,Payment,1763696901,872590,441059,2,1
5,StockLevel,1763696901,880231,12318,0,1
1,NewOrder,1763696901,892600,334593,0,1
2,Payment,1763696901,902202,439716,5,1
1,NewOrder,1763696901,910001,315840,1,1
1,NewOrder,1763696901,935772,138120,4,1
1,NewOrder,1763696901,960393,113457,7,1
2,Payment,1763696901,990300,376380,8,1
2,Payment,1763696902,073890,317668,7,1
2,Payment,1763696902,073924,343101,4,1
4,Delivery,1763696902,097231,219366,6,1
1,NewOrder,1763696902,137048,453337,9,1
2,Payment,1763696902,225884,394235,1,1
2,Payment,1763696902,227230,417598,0,1
1,NewOrder,1763696902,286373,290820,3,1
1,NewOrder,1763696902,313705,246767,2,1
1,NewOrder,1763696902,316647,211702,6,1
1,NewOrder,1763696902,341976,185302,5,1
3,OrderStatus,1763696902,366721,12176,8,1
2,Payment,1763696902,378928,295984,8,1
1,NewOrder,1763696902,391645,183511,7,1
2,Payment,1763696902,417073,282892,4,1
2,Payment,1763696902,527309,200044,5,1
2,Payment,1763696902,528380,229581,6,1
2,Payment,1763696902,560509,227990,2,1
2,Payment,1763696902,575196,249153,7,1
1,NewOrder,1763696902,577233,395682,3,1
4,Delivery,1763696902,590439,263047,9,1
1,NewOrder,1763696902,620168,342918,1,1
5,StockLevel,1763696902,644930,11278,0,1
1,NewOrder,1763696902,656247,286771,0,1
3,OrderStatus,1763696902,674947,13178,8,1
2,Payment,1763696902,688165,362528,8,1
1,NewOrder,1763696902,700004,319301,4,1
2,Payment,1763696902,727399,351111,5,1
2,Payment,1763696902,758006,347700,6,1
5,StockLevel,1763696902,788582,13701,2,1
1,NewOrder,1763696902,802327,172800,2,1
2,Payment,1763696902,824433,309436,7,1
1,NewOrder,1763696902,853524,531301,9,1
1,NewOrder,1763696902,943063,284685,0,1
1,NewOrder,1763696902,963124,328918,1,1
5,StockLevel,1763696902,972961,12899,3,1
2,Payment,1763696902,975168,565038,2,1
1,NewOrder,1763696902,985898,333775,3,1
2,Payment,1763696903,019341,547732,4,1
1,NewOrder,1763696903,050732,276602,8,1
2,Payment,1763696903,078548,522941,5,1
1,NewOrder,1763696903,105748,409196,6,1
2,Payment,1763696903,133920,492115,7,1
1,NewOrder,1763696903,227782,528286,0,1
1,NewOrder,1763696903,292083,495754,1,1
1,NewOrder,1763696903,319709,466146,3,1
1,NewOrder,1763696903,327372,464001,8,1
1,NewOrder,1763696903,384867,417044,9,1
1,NewOrder,1763696903,514986,260808,6,1
2,Payment,1763696903,540259,286674,2,1
2,Payment,1763696903,567113,290219,4,1
2,Payment,1763696903,601529,290751,5,1
1,NewOrder,1763696903,626118,367851,7,1
1,NewOrder,1763696903,756117,304601,0,1
1,NewOrder,1763696903,775833,226687,6,1
2,Payment,1763696903,785898,302351,3,1
2,Payment,1763696903,787872,332200,1,1
2,Payment,1763696903,791418,357727,8,1
2,Payment,1763696903,801950,375127,9,1
2,Payment,1763696903,826970,378948,2,1
1,NewOrder,1763696903,857375,180085,4,1
5,StockLevel,1763696903,892320,16192,5,1
2,Payment,1763696903,908559,328402,5,1
1,NewOrder,1763696903,994005,342872,7,1
2,Payment,1763696904,002548,458894,6,1
1,NewOrder,1763696904,037501,394621,4,1
2,Payment,1763696904,060767,429002,0,1
1,NewOrder,1763696904,088288,287940,3,1
2,Payment,1763696904,120114,399220,1,1
2,Payment,1763696904,149191,398117,8,1
1,NewOrder,1763696904,177118,216423,9,1
1,NewOrder,1763696904,205961,157999,2,1
1,NewOrder,1763696904,237013,414691,5,1
1,NewOrder,1763696904,336921,356193,7,1
2,Payment,1763696904,364002,376104,2,1
2,Payment,1763696904,376267,394804,3,1
5,StockLevel,1763696904,393596,11908,9,1
1,NewOrder,1763696904,405543,308800,9,1
1,NewOrder,1763696904,432156,274936,4,1
1,NewOrder,1763696904,461492,231622,6,1
1,NewOrder,1763696904,489813,182770,0,1
2,Payment,1763696904,519373,283442,1,1
2,Payment,1763696904,547374,285506,8,1
1,NewOrder,1763696904,651753,352800,5,1
2,Payment,1763696904,672640,366975,0,1
1,NewOrder,1763696904,693158,261542,6,1
2,Payment,1763696904,693158,374441,7,1
5,StockLevel,1763696904,707132,13537,4,1
1,NewOrder,1763696904,714386,207775,9,1
2,Payment,1763696904,720713,373214,4,1
2,Payment,1763696904,740150,386301,2,1
2,Payment,1763696904,771124,382829,3,1
5,StockLevel,1763696904,802877,16877,1,1
2,Payment,1763696904,819790,368673,1,1
2,Payment,1763696904,832927,387725,8,1
1,NewOrder,1763696904,922205,475158,9,1
1,NewOrder,1763696904,954750,445474,6,1
4,Delivery,1763696905,004639,164400,5,1
2,Payment,1763696905,039658,390987,0,1
2,Payment,1763696905,067642,391886,7,1
1,NewOrder,1763696905,093974,305880,4,1
2,Payment,1763696905,126502,369762,2,1
2,Payment,1763696905,154007,376289,3,1
2,Payment,1763696905,169090,391667,5,1
2,Payment,1763696905,188512,409950,1,1
1,NewOrder,1763696905,220715,465557,8,1
4,Delivery,1763696905,397430,285755,9,1
1,NewOrder,1763696905,399912,404270,4,1
2,Payment,1763696905,400262,482022,6,1
1,NewOrder,1763696905,430694,422082,0,1
1,NewOrder,1763696905,459578,284836,7,1
1,NewOrder,1763696905,496294,297130,2,1
1,NewOrder,1763696905,530345,295033,3,1
2,Payment,1763696905,560794,355936,5,1
1,NewOrder,1763696905,598498,467286,1,1
2,Payment,1763696905,683222,406624,9,1
1,NewOrder,1763696905,686389,368839,8,1
1,NewOrder,1763696905,744455,247699,7,1
2,Payment,1763696905,793465,321823,2,1
1,NewOrder,1763696905,804222,239781,4,1
1,NewOrder,1763696905,825421,232043,3,1
2,Payment,1763696905,852816,292491,0,1
2,Payment,1763696905,882323,292199,6,1
2,Payment,1763696905,916775,284688,5,1
2,Payment,1763696905,992198,231446,7,1
2,Payment,1763696906,044047,204225,4,1
1,NewOrder,1763696906,055267,360571,8,1
1,NewOrder,1763696906,057493,307544,3,1
1,NewOrder,1763696906,065815,319983,1,1
1,NewOrder,1763696906,089904,347083,9,1
2,Payment,1763696906,115327,344457,2,1
1,NewOrder,1763696906,145342,229779,0,1
5,StockLevel,1763696906,174578,11539,6,1
2,Payment,1763696906,186149,297958,6,1
1,NewOrder,1763696906,201520,187727,5,1
1,NewOrder,1763696906,223694,198170,7,1
1,NewOrder,1763696906,248320,366029,4,1
2,Payment,1763696906,365075,497859,3,1
5,StockLevel,1763696906,375161,14092,0,1
2,Payment,1763696906,385836,520530,1,1
1,NewOrder,1763696906,389286,188531,5,1
1,NewOrder,1763696906,389288,438447,0,1
1,NewOrder,1763696906,415878,181149,8,1
1,NewOrder,1763696906,421905,171528,7,1
4,Delivery,1763696906,437028,247340,9,1
2,Payment,1763696906,459830,474867,2,1
1,NewOrder,1763696906,484150,617096,6,1
2,Payment,1763696906,577852,557769,5,1
1,NewOrder,1763696906,593476,470017,7,1
2,Payment,1763696906,597069,564548,8,1
5,StockLevel,1763696906,614384,11458,4,1
1,NewOrder,1763696906,625881,395500,4,1
1,NewOrder,1763696906,684418,402651,9,1
4,Delivery,1763696906,827805,41373,0,1
3,OrderStatus,1763696906,862982,24096,3,1
1,NewOrder,1763696906,869241,153720,0,1
1,NewOrder,1763696906,887129,222844,3,1
1,NewOrder,1763696906,906407,143118,1,1
5,StockLevel,1763696906,934751,17634,2,1
2,Payment,1763696906,952431,235663,2,1
1,NewOrder,1763696907,021424,424855,4,1
2,Payment,1763696907,022999,190284,0,1
1,NewOrder,1763696907,049583,403698,1,1
2,Payment,1763696907,063539,415941,7,1
4,Delivery,1763696907,087112,230829,9,1
2,Payment,1763696907,101287,406142,6,1
2,Payment,1763696907,110015,421778,3,1
2,Payment,1763696907,135673,420992,5,1
2,Payment,1763696907,161730,418437,8,1
2,Payment,1763696907,188150,420707,2,1
2,Payment,1763696907,213327,422683,0,1
1,NewOrder,1763696907,318005,460226,9,1
1,NewOrder,1763696907,446320,286462,4,1
5,StockLevel,1763696907,453322,11605,1,1
1,NewOrder,1763696907,464966,289155,1,1
2,Payment,1763696907,479538,351673,7,1
2,Payment,1763696907,507477,350857,6,1
1,NewOrder,1763696907,531831,260103,3,1
1,NewOrder,1763696907,556710,167962,5,1
2,Payment,1763696907,580226,312123,8,1
1,NewOrder,1763696907,608906,196741,2,1
2,Payment,1763696907,636066,291579,0,1
2,Payment,1763696907,724713,235513,5,1
1,NewOrder,1763696907,732812,380138,4,1
1,NewOrder,1763696907,754161,344887,1,1
1,NewOrder,1763696907,778273,261434,9,1
2,Payment,1763696907,791972,349109,3,1
2,Payment,1763696907,805696,359808,2,1
2,Payment,1763696907,831250,362132,7,1
2,Payment,1763696907,858372,365185,6,1
1,NewOrder,1763696907,892394,157766,8,1
2,Payment,1763696907,927697,322063,0,1
1,NewOrder,1763696907,960272,406659,5,1
4,Delivery,1763696908,039743,252084,9,1
1,NewOrder,1763696908,050199,353665,8,1
2,Payment,1763696908,099091,347385,1,1
1,NewOrder,1763696908,113015,310479,4,1
2,Payment,1763696908,141175,333812,3,1
2,Payment,1763696908,165536,340823,2,1
2,Payment,1763696908,193418,345788,7,1
1,NewOrder,1763696908,223619,192141,6,1
1,NewOrder,1763696908,249795,413055,0,1
5,StockLevel,1763696908,291864,13573,9,1
2,Payment,1763696908,305479,443980,9,1
1,NewOrder,1763696908,366970,265146,5,1
2,Payment,1763696908,403902,375889,8,1
1,NewOrder,1763696908,415842,243599,6,1
1,NewOrder,1763696908,423538,293374,4,1
2,Payment,1763696908,446641,362948,1,1
2,Payment,1763696908,475033,362109,3,1
2,Payment,1763696908,506408,393773,2,1
4,Delivery,1763696908,539266,224129,7,1
2,Payment,1763696908,632160,370225,5,1
1,NewOrder,1763696908,659472,453161,6,1
2,Payment,1763696908,662882,485152,0,1
2,Payment,1763696908,716954,456669,4,1
2,Payment,1763696908,749502,450865,9,1
3,OrderStatus,1763696908,763434,16964,7,1
3,OrderStatus,1763696908,779820,16231,8,1
2,Payment,1763696908,780416,451957,7,1
1,NewOrder,1763696908,796083,326758,8,1
2,Payment,1763696908,809629,458600,1,1
2,Payment,1763696908,837189,459439,3,1
2,Payment,1763696908,900229,426990,2,1
2,Payment,1763696909,002432,354853,5,1
1,NewOrder,1763696909,112671,358189,6,1
2,Payment,1763696909,122879,416541,8,1
2,Payment,1763696909,148103,415201,0,1
2,Payment,1763696909,173674,422472,4,1
3,OrderStatus,1763696909,200422,15660,9,1
1,NewOrder,1763696909,216135,275693,9,1
1,NewOrder,1763696909,232416,273855,7,1
1,NewOrder,1763696909,268292,215839,1,1
2,Payment,1763696909,296675,325035,3,1
5,StockLevel,1763696909,327260,13754,2,1
1,NewOrder,1763696909,341043,173370,2,1
2,Payment,1763696909,357420,287331,5,1
2,Payment,1763696909,470900,199824,6,1
2,Payment,1763696909,484172,214528,1,1
2,Payment,1763696909,491872,231872,9,1
1,NewOrder,1763696909,506311,383000,7,1
2,Payment,1763696909,514454,420279,2,1
2,Payment,1763696909,539505,426094,8,1
1,NewOrder,1763696909,563352,341427,0,1
1,NewOrder,1763696909,596186,305896,4,1
2,Payment,1763696909,621754,370695,3,1
1,NewOrder,1763696909,644802,239857,5,1
1,NewOrder,1763696909,670780,234062,6,1
1,NewOrder,1763696909,698739,117404,1,1
2,Payment,1763696909,723806,297573,9,1
1,NewOrder,1763696909,816180,396218,1,1
1,NewOrder,1763696909,884699,280634,5,1
1,NewOrder,1763696909,889358,296826,7,1
3,OrderStatus,1763696909,902121,15935,4,1
2,Payment,1763696909,904820,379873,0,1
2,Payment,1763696909,904871,405558,6,1
1,NewOrder,1763696909,918097,276314,4,1
2,Payment,1763696909,934793,406809,2,1
5,StockLevel,1763696909,965642,11701,8,1
1,NewOrder,1763696909,977420,155516,8,1
1,NewOrder,1763696909,992481,256715,3,1
2,Payment,1763696910,021430,347525,9,1
2,Payment,1763696910,132974,264648,8,1
1,NewOrder,1763696910,165372,480691,5,1
2,Payment,1763696910,186226,611000,7,1
1,NewOrder,1763696910,194450,568205,4,1
1,NewOrder,1763696910,212437,367476,1,1
1,NewOrder,1763696910,249230,326267,3,1
2,Payment,1763696910,284734,548769,0,1
1,NewOrder,1763696910,310491,251334,6,1
1,NewOrder,1763696910,341639,295404,2,1
2,Payment,1763696910,368998,496103,9,1
2,Payment,1763696910,397693,510610,8,1
2,Payment,1763696910,561871,381163,6,1
2,Payment,1763696910,575538,401016,3,1
2,Payment,1763696910,579957,431959,1,1
1,NewOrder,1763696910,637149,519978,2,1
1,NewOrder,1763696910,646107,504953,5,1
2,Payment,1763696910,762700,433442,4,1
1,NewOrder,1763696910,797292,327080,7,1
1,NewOrder,1763696910,833612,339169,0,1
2,Payment,1763696910,865156,353450,9,1
2,Payment,1763696910,908348,332018,8,1
1,NewOrder,1763696910,943115,215770,6,1
1,NewOrder,1763696910,976641,139442,3,1
2,Payment,1763696911,011990,256229,1,1
2,Payment,1763696911,116120,185708,3,1
2,Payment,1763696911,124409,206354,7,1
2,Payment,1763696911,151102,204555,5,1
1,NewOrder,1763696911,157167,379358,2,1
4,Delivery,1763696911,158925,172114,6,1
1,NewOrder,1763696911,172824,324778,0,1
2,Payment,1763696911,196188,363819,4,1
2,Payment,1763696911,218653,364500,9,1
1,NewOrder,1763696911,240426,242442,8,1
1,NewOrder,1763696911,268271,207740,1,1
2,Payment,1763696911,301869,307801,3,1
1,NewOrder,1763696911,330808,179724,7,1
3,OrderStatus,1763696911,331093,12540,6,1
2,Payment,1763696911,343662,293184,6,1
2,Payment,1763696911,355719,306216,5,1
1,NewOrder,1763696911,476043,301570,1,1
1,NewOrder,1763696911,482908,328469,8,1
1,NewOrder,1763696911,497642,335563,0,1
2,Payment,1763696911,510590,345064,7,1
2,Payment,1763696911,536604,345793,2,1
1,NewOrder,1763696911,560041,206198,4,1
1,NewOrder,1763696911,583196,200873,9,1
4,Delivery,1763696911,609721,104325,3,1
1,NewOrder,1763696911,636890,139250,6,1
1,NewOrder,1763696911,661990,330242,5,1
2,Payment,1763696911,714088,304299,3,1
2,Payment,1763696911,766280,274957,4,1
1,NewOrder,1763696911,776173,207420,6,1
2,Payment,1763696911,777651,289382,1,1
2,Payment,1763696911,784110,306390,9,1
2,Payment,1763696911,811417,302462,8,1
2,Payment,1763696911,833266,302686,0,1
2,Payment,1763696911,855756,302499,7,1
1,NewOrder,1763696911,882468,425495,2,1
2,Payment,1763696911,983633,461664,6,1
1,NewOrder,1763696911,992282,429637,5,1
1,NewOrder,1763696912,018436,244782,3,1
3,OrderStatus,1763696912,041280,13277,4,1
3,OrderStatus,1763696912,054605,11838,4,1
2,Payment,1763696912,066491,402427,4,1
1,NewOrder,1763696912,067059,208966,1,1
1,NewOrder,1763696912,090538,192791,9,1
1,NewOrder,1763696912,113923,146725,8,1
2,Payment,1763696912,135999,366701,0,1
1,NewOrder,1763696912,158374,488737,7,1
5,StockLevel,1763696912,260691,50805,8,1
1,NewOrder,1763696912,263261,468624,3,1
2,Payment,1763696912,276066,479837,1,1
2,Payment,1763696912,283368,498348,9,1
1,NewOrder,1763696912,308004,363627,2,1
2,Payment,1763696912,311538,494676,8,1
1,NewOrder,1763696912,421979,254420,5,1
1,NewOrder,1763696912,445352,217914,6,1
2,Payment,1763696912,468964,364911,4,1
1,NewOrder,1763696912,502760,468342,0,1
1,NewOrder,1763696912,647156,398729,7,1
3,OrderStatus,1763696912,663297,12738,6,1
1,NewOrder,1763696912,671672,369225,2,1
2,Payment,1763696912,676070,396853,6,1
2,Payment,1763696912,676429,423462,5,1
2,Payment,1763696912,731931,389564,3,1
1,NewOrder,1763696912,755955,271099,1,1
1,NewOrder,1763696912,781756,248659,9,1
1,NewOrder,1763696912,806266,232348,8,1
4,Delivery,1763696912,833931,258866,4,1
1,NewOrder,1763696912,971146,367978,0,1
1,NewOrder,1763696913,027094,188575,1,1
1,NewOrder,1763696913,030452,199802,9,1
1,NewOrder,1763696913,038692,206772,8,1
2,Payment,1763696913,040969,330067,2,1
2,Payment,1763696913,045921,352597,7,1
4,Delivery,1763696913,072976,180874,6,1
2,Payment,1763696913,092837,330302,4,1
2,Payment,1763696913,099929,348095,5,1
5,StockLevel,1763696913,121542,14104,3,1
1,NewOrder,1763696913,135691,412438,3,1
2,Payment,1763696913,215711,418139,1,1
2,Payment,1763696913,230288,429031,9,1
1,NewOrder,1763696913,245503,355541,8,1
4,Delivery,1763696913,253892,197164,6,1
2,Payment,1763696913,339168,349481,0,1
1,NewOrder,1763696913,371082,236956,2,1
1,NewOrder,1763696913,398558,183488,7,1
2,Payment,1763696913,423178,290990,4,1
1,NewOrder,1763696913,448067,405330,5,1
2,Payment,1763696913,451095,497170,6,1
2,Payment,1763696913,548169,432454,3,1
2,Payment,1763696913,582087,430424,7,1
1,NewOrder,1763696913,601086,229689,8,1
4,Delivery,1763696913,608075,76914,2,1
1,NewOrder,1763696913,633897,179394,1,1
2,Payment,1763696913,659369,386493,9,1
1,NewOrder,1763696913,685042,234241,2,1
1,NewOrder,1763696913,688686,162763,0,1
3,OrderStatus,1763696913,714216,16920,4,1
2,Payment,1763696913,731192,340786,4,1
2,Payment,1763696913,813336,283884,1,1
2,Payment,1763696913,830821,289327,8,1
1,NewOrder,1763696913,851491,414471,0,1
5,StockLevel,1763696913,853437,69364,5,1
1,NewOrder,1763696913,919331,341616,2,1
1,NewOrder,1763696913,922846,327277,5,1
2,Payment,1763696913,948315,369090,6,1
2,Payment,1763696913,980694,364582,3,1
3,OrderStatus,1763696914,012559,18334,7,1
1,NewOrder,1763696914,030947,256546,7,1
1,NewOrder,1763696914,045903,234280,9,1
2,Payment,1763696914,072017,299227,4,1
1,NewOrder,1763696914,097268,160153,1,1
2,Payment,1763696914,120280,279647,8,1
1,NewOrder,1763696914,250161,274452,5,1
2,Payment,1763696914,257462,312615,1,1
2,Payment,1763696914,260988,359020,2,1
4,Delivery,1763696914,266002,27405,0,1
1,NewOrder,1763696914,280217,235970,9,1
2,Payment,1763696914,287530,373324,7,1
1,NewOrder,1763696914,293446,239976,0,1
1,NewOrder,1763696914,317459,231687,6,1
1,NewOrder,1763696914,345312,196793,3,1
2,Payment,1763696914,371302,333436,4,1
4,Delivery,1763696914,399974,270983,8,1
1,NewOrder,1763696914,516226,365754,9,1
2,Payment,1763696914,524657,386514,5,1
2,Payment,1763696914,533467,417023,0,1
2,Payment,1763696914,542145,437864,3,1
1,NewOrder,1763696914,549188,315944,6,1
2,Payment,1763696914,570117,436118,1,1
2,Payment,1763696914,620052,411144,2,1
2,Payment,1763696914,660905,399162,7,1
2,Payment,1763696914,670997,410564,8,1
2,Payment,1763696914,704787,397368,4,1
2,Payment,1763696914,865174,264570,6,1
1,NewOrder,1763696914,882040,386978,9,1
2,Payment,1763696914,911240,381512,5,1
2,Payment,1763696914,950533,365869,0,1
1,NewOrder,1763696914,980047,246086,3,1
1,NewOrder,1763696915,006269,248877,1,1
2,Payment,1763696915,031243,308203,2,1
2,Payment,1763696915,060126,301245,7,1
2,Payment,1763696915,081654,303022,8,1
2,Payment,1763696915,102204,312729,4,1
1,NewOrder,1763696915,129784,439365,6,1
2,Payment,1763696915,226174,376281,3,1
2,Payment,1763696915,255184,376777,1,1
1,NewOrder,1763696915,269068,258169,9,1
1,NewOrder,1763696915,292785,228195,5,1
2,Payment,1763696915,316454,340734,0,1
4,Delivery,1763696915,339510,67989,2,1
2,Payment,1763696915,361413,320755,7,1
1,NewOrder,1763696915,384719,144288,8,1
1,NewOrder,1763696915,407547,511757,2,1
2,Payment,1763696915,414993,539278,4,1
1,NewOrder,1763696915,521019,315016,5,1
1,NewOrder,1763696915,527278,327881,9,1
2,Payment,1763696915,529048,453513,8,1
2,Payment,1763696915,569183,439068,6,1
1,NewOrder,1763696915,602495,187280,3,1
1,NewOrder,1763696915,631997,188691,1,1
3,OrderStatus,1763696915,657247,12766,0,1
1,NewOrder,1763696915,670113,136008,0,1
4,Delivery,1763696915,682226,242238,7,1
1,NewOrder,1763696915,789818,333277,3,1
2,Payment,1763696915,806161,403974,0,1
2,Payment,1763696915,820729,421597,1,1
5,StockLevel,1763696915,836085,23071,5,1
1,NewOrder,1763696915,855200,329795,9,1
2,Payment,1763696915,859194,419979,5,1
1,NewOrder,1763696915,919382,255342,2,1
1,NewOrder,1763696915,924508,236692,7,1
2,Payment,1763696915,954312,356706,4,1
2,Payment,1763696915,982609,358940,8,1
1,NewOrder,1763696916,008312,433788,6,1
1,NewOrder,1763696916,123138,348970,3,1
1,NewOrder,1763696916,161243,345344,7,1
1,NewOrder,1763696916,174767,291583,2,1
2,Payment,1763696916,185034,350180,9,1
5,StockLevel,1763696916,210217,12174,0,1
2,Payment,1763696916,222430,345333,0,1
5,StockLevel,1763696916,242365,12638,1,1
2,Payment,1763696916,255046,349243,1,1
4,Delivery,1763696916,279212,185593,5,1
1,NewOrder,1763696916,311052,175890,4,1
2,Payment,1763696916,341646,288734,8,1
1,NewOrder,1763696916,442134,308998,6,1
5,StockLevel,1763696916,464848,45844,5,1
1,NewOrder,1763696916,466645,280777,2,1
1,NewOrder,1763696916,472148,282160,3,1
1,NewOrder,1763696916,486985,308985,4,1
1,NewOrder,1763696916,506629,214523,7,1
2,Payment,1763696916,510726,313130,5,1
1,NewOrder,1763696916,535259,227614,9,1
2,Payment,1763696916,567802,288727,0,1
1,NewOrder,1763696916,604332,176892,1,1
2,Payment,1763696916,630487,259391,8,1
5,StockLevel,1763696916,721196,78403,7,1
2,Payment,1763696916,747462,178018,2,1
2,Payment,1763696916,751167,212172,6,1
3,OrderStatus,1763696916,754343,14029,3,1
1,NewOrder,1763696916,762913,323741,9,1
2,Payment,1763696916,768409,410840,3,1
1,NewOrder,1763696916,781268,341813,1,1
1,NewOrder,1763696916,796002,351894,4,1
1,NewOrder,1763696916,799640,326692,7,1
2,Payment,1763696916,823896,389604,5,1
1,NewOrder,1763696916,856588,224898,0,1
1,NewOrder,1763696916,889916,200284,8,1
1,NewOrder,1763696916,925524,196312,2,1
1,NewOrder,1763696916,963378,404034,6,1
1,NewOrder,1763696917,081532,274080,0,1
2,Payment,1763696917,086700,321317,9,1
2,Payment,1763696917,090239,350316,8,1
2,Payment,1763696917,121878,350637,2,1
2,Payment,1763696917,123120,373037,1,1
1,NewOrder,1763696917,126369,255641,7,1
1,NewOrder,1763696917,147943,189131,4,1
2,Payment,1763696917,179298,344108,3,1
1,NewOrder,1763696917,213555,575764,5,1
1,NewOrder,1763696917,337106,467726,4,1
2,Payment,1763696917,355648,488283,0,1
1,NewOrder,1763696917,367450,301761,6,1
4,Delivery,1763696917,382047,209480,7,1
1,NewOrder,1763696917,408055,331159,9,1
2,Payment,1763696917,440616,435429,8,1
2,Payment,1763696917,472557,436924,2,1
3,OrderStatus,1763696917,496195,14048,1,1
2,Payment,1763696917,510278,429367,1,1
2,Payment,1763696917,523455,446983,3,1
2,Payment,1763696917,591618,407803,7,1
1,NewOrder,1763696917,669253,516612,6,1
1,NewOrder,1763696917,739265,432826,9,1
1,NewOrder,1763696917,789361,418451,5,1
2,Payment,1763696917,804875,430211,4,1
1,NewOrder,1763696917,843971,301408,0,1
1,NewOrder,1763696917,876085,241807,8,1
1,NewOrder,1763696917,909521,268306,2,1
1,NewOrder,1763696917,939684,254508,1,1
2,Payment,1763696917,970482,295620,3,1
1,NewOrder,1763696917,999461,429172,7,1
2,Payment,1763696918,117938,448767,8,1
1,NewOrder,1763696918,145428,398042,0,1
2,Payment,1763696918,172132,432604,9,1
2,Payment,1763696918,177862,458064,2,1
1,NewOrder,1763696918,185906,227017,6,1
1,NewOrder,1763696918,194233,253982,1,1
1,NewOrder,1763696918,207850,248055,5,1
4,Delivery,1763696918,235134,156586,4,1
2,Payment,1763696918,266144,403599,3,1
2,Payment,1763696918,391762,310385,4,1
2,Payment,1763696918,412964,314322,6,1
1,NewOrder,1763696918,428671,558042,7,1
1,NewOrder,1763696918,448263,522823,1,1
1,NewOrder,1763696918,455949,519212,5,1
1,NewOrder,1763696918,543520,423726,0,1
2,Payment,1763696918,566755,458199,8,1
1,NewOrder,1763696918,604790,286240,9,1
2,Payment,1763696918,635969,416908,2,1
2,Payment,1763696918,669790,413936,3,1
1,NewOrder,1763696918,702180,293578,4,1
2,Payment,1763696918,727361,386252,6,1
2,Payment,1763696918,891071,248171,9,1
1,NewOrder,1763696918,967288,335306,0,1
1,NewOrder,1763696918,971128,317242,1,1
2,Payment,1763696918,975200,196899,5,1
4,Delivery,1763696918,986756,214075,7,1
2,Payment,1763696918,995805,362170,4,1
1,NewOrder,1763696919,024992,260389,8,1
2,Payment,1763696919,052922,333700,2,1
1,NewOrder,1763696919,083777,245658,3,1
1,NewOrder,1763696919,113649,191979,6,1
1,NewOrder,1763696919,139300,167729,9,1
2,Payment,1763696919,172134,239842,5,1
2,Payment,1763696919,200873,238123,7,1
1,NewOrder,1763696919,285419,247858,8,1
2,Payment,1763696919,288412,340025,1,1
2,Payment,1763696919,302633,353468,0,1
2,Payment,1763696919,305669,382461,6,1
2,Payment,1763696919,307067,403413,9,1
1,NewOrder,1763696919,329491,254010,3,1
1,NewOrder,1763696919,358032,238945,4,1
2,Payment,1763696919,386667,346611,2,1
2,Payment,1763696919,412018,343495,5,1
2,Payment,1763696919,439029,337707,7,1
3,OrderStatus,1763696919,533317,12966,8,1
2,Payment,1763696919,546325,252016,8,1
2,Payment,1763696919,583545,246503,3,1
4,Delivery,1763696919,597065,125015,4,1
1,NewOrder,1763696919,628477,333063,1,1
2,Payment,1763696919,656143,347024,0,1
1,NewOrder,1763696919,688178,285711,6,1
2,Payment,1763696919,710516,316894,9,1
1,NewOrder,1763696919,722117,210772,4,1
1,NewOrder,1763696919,733319,203102,2,1
2,Payment,1763696919,755580,300594,5,1
2,Payment,1763696919,776784,312729,7,1
1,NewOrder,1763696919,798387,153624,8,1
1,NewOrder,1763696919,830092,352036,3,1
1,NewOrder,1763696919,932932,329127,4,1
2,Payment,1763696919,936466,419118,2,1
1,NewOrder,1763696919,952051,375804,8,1
1,NewOrder,1763696919,961595,274623,1,1
2,Payment,1763696919,973931,409567,6,1
1,NewOrder,1763696920,003244,283611,0,1
1,NewOrder,1763696920,027458,240418,9,1
2,Payment,1763696920,056254,353594,5,1
2,Payment,1763696920,089559,349597,7,1
2,Payment,1763696920,182171,295087,3,1
1,NewOrder,1763696920,236261,377843,1,1
1,NewOrder,1763696920,262116,364821,4,1
2,Payment,1763696920,267917,420156,9,1
1,NewOrder,1763696920,286895,371505,0,1
1,NewOrder,1763696920,327895,278898,8,1
2,Payment,1763696920,355635,369322,2,1
2,Payment,1763696920,383540,371095,6,1
2,Payment,1763696920,409900,368403,5,1
2,Payment,1763696920,439209,361713,7,1
3,OrderStatus,1763696920,477301,20884,3,1
2,Payment,1763696920,498227,326039,3,1
1,NewOrder,1763696920,606836,317099,8,1
2,Payment,1763696920,614153,398199,1,1
2,Payment,1763696920,626977,412677,4,1
2,Payment,1763696920,658445,409631,0,1
1,NewOrder,1763696920,688114,276074,9,1
1,NewOrder,1763696920,725000,230242,2,1
1,NewOrder,1763696920,754675,232543,6,1
2,Payment,1763696920,778382,321577,5,1
2,Payment,1763696920,800982,322500,7,1
1,NewOrder,1763696920,824315,383564,3,1
2,Payment,1763696920,923978,366774,8,1
1,NewOrder,1763696920,955283,254369,2,1
1,NewOrder,1763696920,964226,301171,9,1
1,NewOrder,1763696920,987268,222265,6,1
1,NewOrder,1763696921,012399,235955,1,1
2,Payment,1763696921,039704,279043,4,1
1,NewOrder,1763696921,068120,149725,0,1
2,Payment,1763696921,099998,256552,5,1
1,NewOrder,1763696921,123583,367990,7,1
1,NewOrder,1763696921,207918,228210,3,1
2,Payment,1763696921,209580,329693,6,1
1,NewOrder,1763696921,209681,305053,2,1
2,Payment,1763696921,217889,344586,0,1
1,NewOrder,1763696921,248400,219011,1,1
1,NewOrder,1763696921,265441,193438,9,1
2,Payment,1763696921,290909,300366,8,1
1,NewOrder,1763696921,318794,194426,4,1
1,NewOrder,1763696921,356644,350752,5,1
2,Payment,1763696921,436169,408816,3,1
2,Payment,1763696921,458921,425708,9,1
1,NewOrder,1763696921,467455,296431,1,1
2,Payment,1763696921,491615,422562,7,1
3,OrderStatus,1763696921,513259,15476,4,1
1,NewOrder,1763696921,514788,302129,2,1
1,NewOrder,1763696921,528773,212882,4,1
2,Payment,1763696921,539309,404606,6,1
1,NewOrder,1763696921,562512,198170,0,1
1,NewOrder,1763696921,591337,464965,8,1
5,StockLevel,1763696921,707437,60039,5,1
2,Payment,1763696921,741694,436565,4,1
1,NewOrder,1763696921,760721,333854,0,1
1,NewOrder,1763696921,763928,335592,1,1
1,NewOrder,1763696921,767519,380846,5,1
1,NewOrder,1763696921,816968,283344,2,1
1,NewOrder,1763696921,845036,211234,3,1
5,StockLevel,1763696921,884676,11063,9,1
2,Payment,1763696921,895781,321994,9,1
1,NewOrder,1763696921,914221,139399,7,1
5,StockLevel,1763696921,943977,18829,6,1
1,NewOrder,1763696921,962851,441439,6,1
1,NewOrder,1763696922,053663,329497,7,1
2,Payment,1763696922,056313,388318,3,1
2,Payment,1763696922,056328,413611,8,1
1,NewOrder,1763696922,094617,322286,0,1
2,Payment,1763696922,099587,398101,1,1
1,NewOrder,1763696922,100342,268252,2,1
1,NewOrder,1763696922,148411,208915,5,1
1,NewOrder,1763696922,178327,135322,4,1
2,Payment,1763696922,217881,308127,9,1
2,Payment,1763696922,313693,240988,4,1
1,NewOrder,1763696922,357364,295031,5,1
2,Payment,1763696922,368629,392027,2,1
2,Payment,1763696922,383200,403787,7,1
3,OrderStatus,1763696922,404330,13415,6,1
2,Payment,1763696922,416939,398883,0,1
1,NewOrder,1763696922,417773,236841,6,1
1,NewOrder,1763696922,444672,278876,3,1
1,NewOrder,1763696922,469983,193468,8,1
5,StockLevel,1763696922,497728,13826,1,1
2,Payment,1763696922,511653,327761,1,1
2,Payment,1763696922,526067,339457,9,1
1,NewOrder,1763696922,554740,517218,4,1
1,NewOrder,1763696922,652436,357223,5,1
2,Payment,1763696922,654662,443183,6,1
2,Payment,1763696922,663491,460674,8,1
1,NewOrder,1763696922,723621,333198,3,1
1,NewOrder,1763696922,760699,264334,2,1
1,NewOrder,1763696922,787027,267180,7,1
2,Payment,1763696922,815859,336043,0,1
1,NewOrder,1763696922,839452,143405,1,1
2,Payment,1763696922,865619,311392,9,1
1,NewOrder,1763696922,982900,370574,1,1
2,Payment,1763696923,009700,376672,5,1
4,Delivery,1763696923,025072,76627,2,1
4,Delivery,1763696923,054246,232797,7,1
3,OrderStatus,1763696923,056861,11924,3,1
3,OrderStatus,1763696923,068824,12627,3,1
1,NewOrder,1763696923,072005,261349,4,1
1,NewOrder,1763696923,081493,250247,3,1
2,Payment,1763696923,097874,323092,6,1
5,StockLevel,1763696923,101739,10685,2,1
2,Payment,1763696923,112466,354795,2,1
2,Payment,1763696923,124204,377099,8,1
2,Payment,1763696923,151934,376038,0,1
2,Payment,1763696923,177052,373176,9,1
2,Payment,1763696923,287087,287351,7,1
2,Payment,1763696923,331783,269749,3,1
2,Payment,1763696923,333402,291265,4,1
1,NewOrder,1763696923,353513,392599,1,1
4,Delivery,1763696923,386431,178300,5,1
2,Payment,1763696923,421014,411373,6,1
2,Payment,1763696923,467300,395896,2,1
1,NewOrder,1763696923,501346,305207,8,1
1,NewOrder,1763696923,528012,228172,0,1
1,NewOrder,1763696923,550273,229228,9,1
2,Payment,1763696923,564838,338562,5,1
1,NewOrder,1763696923,574483,200404,7,1
2,Payment,1763696923,601587,337337,3,1
1,NewOrder,1763696923,624713,420773,4,1
1,NewOrder,1763696923,746150,309556,1,1
1,NewOrder,1763696923,756218,333155,0,1
1,NewOrder,1763696923,774927,268661,7,1
2,Payment,1763696923,779547,331874,9,1
2,Payment,1763696923,806629,329701,8,1
1,NewOrder,1763696923,832430,201572,6,1
1,NewOrder,1763696923,863228,194769,2,1
2,Payment,1763696923,903441,258412,5,1
1,NewOrder,1763696923,938970,318504,3,1
1,NewOrder,1763696924,034044,278836,6,1
1,NewOrder,1763696924,043630,377355,7,1
1,NewOrder,1763696924,045528,213233,4,1
1,NewOrder,1763696924,055747,247274,1,1
3,OrderStatus,1763696924,058039,14120,2,1
1,NewOrder,1763696924,072194,261052,2,1
2,Payment,1763696924,089412,357304,0,1
2,Payment,1763696924,111476,366332,9,1
2,Payment,1763696924,136370,370955,8,1
2,Payment,1763696924,161917,368354,5,1
3,OrderStatus,1763696924,257516,14423,3,1
1,NewOrder,1763696924,258797,349887,4,1
5,StockLevel,1763696924,271977,153964,3,1
3,OrderStatus,1763696924,303065,12824,1,1
2,Payment,1763696924,312926,376487,6,1
2,Payment,1763696924,315919,398295,1,1
1,NewOrder,1763696924,333288,332796,2,1
1,NewOrder,1763696924,421025,201623,7,1
2,Payment,1763696924,425987,312754,3,1
1,NewOrder,1763696924,446770,164051,0,1
2,Payment,1763696924,477865,283393,9,1
2,Payment,1763696924,507366,275780,8,1
1,NewOrder,1763696924,530314,490562,5,1
1,NewOrder,1763696924,608721,303987,4,1
1,NewOrder,1763696924,610861,346101,0,1
2,Payment,1763696924,622683,427347,7,1
1,NewOrder,1763696924,666123,212778,2,1
2,Payment,1763696924,689452,384041,6,1
1,NewOrder,1763696924,714250,503943,1,1
2,Payment,1763696924,738780,358552,3,1
2,Payment,1763696924,761305,359494,9,1
1,NewOrder,1763696924,783203,465435,8,1
1,NewOrder,1763696924,878946,335604,2,1
1,NewOrder,1763696924,912757,338674,4,1
2,Payment,1763696924,957018,336804,0,1
2,Payment,1763696925,020918,296919,5,1
2,Payment,1763696925,050082,291576,7,1
1,NewOrder,1763696925,073540,196054,6,1
5,StockLevel,1763696925,097377,10768,3,1
2,Payment,1763696925,108178,258797,3,1
2,Payment,1763696925,120849,269321,9,1
1,NewOrder,1763696925,214618,278724,2,1
1,NewOrder,1763696925,218231,310293,1,1
2,Payment,1763696925,248684,360962,8,1
2,Payment,1763696925,251475,383308,4,1
1,NewOrder,1763696925,269633,291087,6,1
1,NewOrder,1763696925,293881,277496,0,1
2,Payment,1763696925,317897,340566,5,1
2,Payment,1763696925,341707,339876,7,1
2,Payment,1763696925,367014,341234,3,1
2,Payment,1763696925,390274,339784,9,1
2,Payment,1763696925,493384,258173,2,1
2,Payment,1763696925,528631,256368,1,1
1,NewOrder,1763696925,560765,388087,6,1
1,NewOrder,1763696925,571462,336313,0,1
1,NewOrder,1763696925,609685,302948,8,1
2,Payment,1763696925,634825,353205,4,1
1,NewOrder,1763696925,658503,297361,5,1
3,OrderStatus,1763696925,681629,12285,7,1
2,Payment,1763696925,693958,324096,7,1
1,NewOrder,1763696925,708299,218148,3,1
1,NewOrder,1763696925,730100,193615,9,1
2,Payment,1763696925,751603,294791,2,1
4,Delivery,1763696925,785047,72117,1,1
1,NewOrder,1763696925,857200,390998,1,1
1,NewOrder,1763696925,907820,359860,0,1
1,NewOrder,1763696925,912673,300257,8,1
4,Delivery,1763696925,923754,259491,9,1
1,NewOrder,1763696925,926490,320175,3,1
2,Payment,1763696925,948898,374436,6,1
1,NewOrder,1763696925,955905,239641,5,1
1,NewOrder,1763696925,988069,309493,4,1
1,NewOrder,1763696926,018091,127351,7,1
2,Payment,1763696926,046439,299631,2,1
1,NewOrder,1763696926,145481,367028,7,1
4,Delivery,1763696926,183327,248518,9,1
2,Payment,1763696926,195714,470650,5,1
2,Payment,1763696926,212972,477499,8,1
1,NewOrder,1763696926,246743,395571,3,1
2,Payment,1763696926,248235,468118,1,1
1,NewOrder,1763696926,267719,326171,0,1
1,NewOrder,1763696926,297617,322841,4,1
2,Payment,1763696926,323373,419226,6,1
1,NewOrder,1763696926,346139,568682,2,1
2,Payment,1763696926,431889,509657,9,1
2,Payment,1763696926,512617,454049,7,1
2,Payment,1763696926,593936,399890,0,1
1,NewOrder,1763696926,620497,238691,4,1
1,NewOrder,1763696926,642352,270041,3,1
2,Payment,1763696926,666400,349278,5,1
2,Payment,1763696926,690525,354820,8,1
2,Payment,1763696926,716388,357223,1,1
1,NewOrder,1763696926,742655,420824,6,1
2,Payment,1763696926,859227,401017,4,1
1,NewOrder,1763696926,912436,325187,3,1
1,NewOrder,1763696926,914859,295489,2,1
1,NewOrder,1763696926,941648,265734,9,1
1,NewOrder,1763696926,966807,250010,7,1
2,Payment,1763696926,993887,295146,0,1
1,NewOrder,1763696927,015717,214689,5,1
4,Delivery,1763696927,045391,225087,8,1
2,Payment,1763696927,073662,239965,1,1
2,Payment,1763696927,163514,174507,6,1
2,Payment,1763696927,207423,153270,9,1
4,Delivery,1763696927,210424,130896,2,1
1,NewOrder,1763696927,216858,320534,7,1
5,StockLevel,1763696927,230438,9916,5,1
1,NewOrder,1763696927,237658,273420,3,1
3,OrderStatus,1763696927,240388,10668,5,1
1,NewOrder,1763696927,251091,296488,5,1
1,NewOrder,1763696927,260282,200719,4,1
2,Payment,1763696927,270516,301601,8,1
2,Payment,1763696927,289081,315749,0,1
2,Payment,1763696927,313669,317029,1,1
2,Payment,1763696927,338071,318425,6,1
1,NewOrder,1763696927,341360,194564,2,1
1,NewOrder,1763696927,360745,429242,9,1
2,Payment,1763696927,461042,366933,4,1
2,Payment,1763696927,511122,340309,3,1
3,OrderStatus,1763696927,535965,14818,2,1
1,NewOrder,1763696927,537430,254770,7,1
2,Payment,1763696927,547622,329782,5,1
2,Payment,1763696927,550822,363854,2,1
1,NewOrder,1763696927,572151,206475,8,1
1,NewOrder,1763696927,604871,198168,0,1
1,NewOrder,1763696927,630739,133218,1,1
1,NewOrder,1763696927,656545,424343,6,1
1,NewOrder,1763696927,764000,313975,1,1
1,NewOrder,1763696927,778665,305182,8,1
1,NewOrder,1763696927,790021,257511,9,1
1,NewOrder,1763696927,792240,288685,7,1
2,Payment,1763696927,803082,334570,0,1
1,NewOrder,1763696927,828035,220903,4,1
2,Payment,1763696927,851486,347364,3,1
1,NewOrder,1763696927,877464,136868,5,1
2,Payment,1763696927,914721,355904,2,1
1,NewOrder,1763696928,014374,399250,5,1
1,NewOrder,1763696928,047623,421077,9,1
2,Payment,1763696928,048989,1242944,4,1
2,Payment,1763696928,078022,1267799,1,1
1,NewOrder,1763696928,080935,329410,6,1
1,NewOrder,1763696928,080962,333293,7,1
1,NewOrder,1763696928,083895,1156089,8,1
1,NewOrder,1763696928,137701,276378,0,1
1,NewOrder,1763696928,198914,215273,3,1
1,NewOrder,1763696928,270797,1271414,2,1
1,NewOrder,1763696928,410396,1101117,6,1
2,Payment,1763696928,413659,1161047,5,1
1,NewOrder,1763696928,414112,1020746,0,1
2,Payment,1763696928,414214,1254923,3,1
2,Payment,1763696928,414279,1225098,7,1
1,NewOrder,1763696928,468741,1016103,9,1
2,Payment,1763696929,240029,482936,8,1
2,Payment,1763696929,291989,463683,4,1
4,Delivery,1763696929,345877,86447,1,1
1,NewOrder,1763696929,432363,476087,1,1
2,Payment,1763696929,434904,347530,0,1
1,NewOrder,1763696929,484885,594286,9,1
2,Payment,1763696929,511642,603594,6,1
1,NewOrder,1763696929,542257,409679,2,1
2,Payment,1763696929,574769,568034,5,1
2,Payment,1763696929,639422,528754,7,1
5,StockLevel,1763696929,669195,11493,3,1
2,Payment,1763696929,680731,518197,3,1
2,Payment,1763696929,723033,503452,8,1
1,NewOrder,1763696929,755724,241815,4,1
1,NewOrder,1763696929,782505,593504,0,1
2,Payment,1763696929,908491,490748,1,1
1,NewOrder,1763696929,951982,381683,2,1
1,NewOrder,1763696929,997640,338614,4,1
2,Payment,1763696930,079217,348475,9,1
2,Payment,1763696930,115365,345056,6,1
1,NewOrder,1763696930,143000,200967,5,1
1,NewOrder,1763696930,168239,192052,7,1
1,NewOrder,1763696930,198960,163143,3,1
2,Payment,1763696930,226539,261514,8,1
2,Payment,1763696930,333709,180024,2,1
2,Payment,1763696930,336297,205629,4,1
3,OrderStatus,1763696930,344006,13987,5,1
1,NewOrder,1763696930,358032,368485,5,1
1,NewOrder,1763696930,360330,331968,7,1
2,Payment,1763696930,362144,387313,3,1
2,Payment,1763696930,376048,396114,0,1
2,Payment,1763696930,399284,399723,1,1
1,NewOrder,1763696930,427732,273006,9,1
2,Payment,1763696930,460462,364239,6,1
1,NewOrder,1763696930,488095,235040,8,1
1,NewOrder,1763696930,513774,146322,2,1
2,Payment,1763696930,541970,311657,4,1
1,NewOrder,1763696930,660142,398183,2,1
2,Payment,1763696930,692330,391657,7,1
1,NewOrder,1763696930,700777,360099,9,1
1,NewOrder,1763696930,723177,247902,8,1
1,NewOrder,1763696930,726561,240576,5,1
2,Payment,1763696930,749521,356720,3,1
1,NewOrder,1763696930,772207,269193,0,1
3,OrderStatus,1763696930,799048,13278,1,1
1,NewOrder,1763696930,812363,230521,1,1
2,Payment,1763696930,824754,305192,6,1
1,NewOrder,1763696930,853687,433292,4,1
1,NewOrder,1763696930,967182,299324,5,1
2,Payment,1763696930,971120,347213,8,1
2,Payment,1763696931,041442,303014,0,1
4,Delivery,1763696931,042921,47593,1,1
1,NewOrder,1763696931,058367,184908,2,1
1,NewOrder,1763696931,060916,215315,9,1
1,NewOrder,1763696931,084029,206050,7,1
2,Payment,1763696931,090556,276744,1,1
2,Payment,1763696931,106282,287925,3,1
1,NewOrder,1763696931,129994,436660,6,1
3,OrderStatus,1763696931,243313,16848,2,1
2,Payment,1763696931,260207,338055,2,1
2,Payment,1763696931,266550,361028,5,1
1,NewOrder,1763696931,276273,274826,9,1
2,Payment,1763696931,287019,363428,4,1
1,NewOrder,1763696931,290120,231079,7,1
1,NewOrder,1763696931,318374,203812,8,1
1,NewOrder,1763696931,344501,196482,0,1
1,NewOrder,1763696931,367341,191304,1,1
2,Payment,1763696931,394257,280864,3,1
2,Payment,1763696931,521240,176432,7,1
2,Payment,1763696931,522219,198575,8,1
1,NewOrder,1763696931,541022,310349,0,1
2,Payment,1763696931,551143,339610,9,1
2,Payment,1763696931,558684,371947,1,1
1,NewOrder,1763696931,566693,271372,6,1
2,Payment,1763696931,598301,365987,2,1
2,Payment,1763696931,627628,367973,5,1
1,NewOrder,1763696931,650507,209309,4,1
1,NewOrder,1763696931,675214,155211,3,1
1,NewOrder,1763696931,697735,112761,7,1
2,Payment,1763696931,720848,308561,8,1
1,NewOrder,1763696931,810540,329871,7,1
1,NewOrder,1763696931,830463,310874,3,1
1,NewOrder,1763696931,838104,334077,6,1
2,Payment,1763696931,851407,351706,0,1
1,NewOrder,1763696931,859855,273941,4,1
2,Payment,1763696931,890794,335105,9,1
2,Payment,1763696931,930670,317219,1,1
3,OrderStatus,1763696931,964325,15283,2,1
1,NewOrder,1763696931,979652,172275,2,1
1,NewOrder,1763696931,995638,112314,5,1
2,Payment,1763696932,029457,246982,8,1
2,Payment,1763696932,107981,193726,5,1
2,Payment,1763696932,133838,190016,4,1
2,Payment,1763696932,140452,209155,7,1
2,Payment,1763696932,141364,230303,3,1
2,Payment,1763696932,151967,244433,2,1
1,NewOrder,1763696932,172225,450164,6,1
1,NewOrder,1763696932,203161,276716,0,1
2,Payment,1763696932,225951,420320,9,1
2,Payment,1763696932,247925,420551,1,1
2,Payment,1763696932,276494,415818,8,1
2,Payment,1763696932,301769,413302,5,1
1,NewOrder,1763696932,323891,241147,4,1
1,NewOrder,1763696932,349672,207347,7,1
1,NewOrder,1763696932,371716,170764,3,1
1,NewOrder,1763696932,396449,437983,2,1
1,NewOrder,1763696932,479917,362523,0,1
2,Payment,1763696932,542521,363341,3,1
2,Payment,1763696932,557058,376021,7,1
3,OrderStatus,1763696932,565078,12233,4,1
1,NewOrder,1763696932,577345,298988,4,1
2,Payment,1763696932,622443,339808,6,1
2,Payment,1763696932,646324,345738,9,1
1,NewOrder,1763696932,668526,163900,1,1
1,NewOrder,1763696932,692367,114816,8,1
1,NewOrder,1763696932,715133,450343,5,1
3,OrderStatus,1763696932,807224,13068,8,1
1,NewOrder,1763696932,820334,316957,8,1
3,OrderStatus,1763696932,832466,12706,1,1
1,NewOrder,1763696932,834475,318566,2,1
5,StockLevel,1763696932,842483,39320,0,1
1,NewOrder,1763696932,845211,249922,1,1
2,Payment,1763696932,876382,318884,4,1
2,Payment,1763696932,881844,338845,0,1
1,NewOrder,1763696932,905924,261092,3,1
1,NewOrder,1763696932,933125,238078,7,1
2,Payment,1763696932,962299,282976,6,1
4,Delivery,1763696932,992111,268126,9,1
2,Payment,1763696933,095171,177030,1,1
1,NewOrder,1763696933,137324,293308,8,1
2,Payment,1763696933,153081,391538,2,1
1,NewOrder,1763696933,165513,314174,5,1
2,Payment,1763696933,167052,403112,3,1
1,NewOrder,1763696933,171238,219652,7,1
1,NewOrder,1763696933,195304,155192,4,1
1,NewOrder,1763696933,220731,286859,0,1
1,NewOrder,1763696933,245305,171513,6,1
1,NewOrder,1763696933,260305,105725,9,1
3,OrderStatus,1763696933,272245,16813,1,1
3,OrderStatus,1763696933,289090,14018,1,1
5,StockLevel,1763696933,303146,208649,1,1
3,OrderStatus,1763696933,350532,14832,4,1
2,Payment,1763696933,365407,255007,4,1
2,Payment,1763696933,366048,231870,9,1
3,OrderStatus,1763696933,390925,12161,7,1
3,OrderStatus,1763696933,403121,11723,7,1
5,StockLevel,1763696933,414884,96088,7,1
2,Payment,1763696933,416854,228326,6,1
1,NewOrder,1763696933,430673,367625,8,1
1,NewOrder,1763696933,479726,327987,5,1
2,Payment,1763696933,507631,333989,0,1
3,OrderStatus,1763696933,511013,24647,7,1
2,Payment,1763696933,511825,363674,1,1
2,Payment,1763696933,535702,379463,7,1
1,NewOrder,1763696933,544659,252127,2,1
1,NewOrder,1763696933,570204,208844,3,1
2,Payment,1763696933,597963,356285,9,1
1,NewOrder,1763696933,620477,116139,4,1
1,NewOrder,1763696933,645239,464235,6,1
1,NewOrder,1763696933,736655,396670,4,1
1,NewOrder,1763696933,779088,336298,3,1
4,Delivery,1763696933,796833,103860,2,1
1,NewOrder,1763696933,798336,297562,8,1
2,Payment,1763696933,807762,362144,5,1
2,Payment,1763696933,841663,355949,0,1
1,NewOrder,1763696933,875534,268801,1,1
1,NewOrder,1763696933,900730,179240,2,1
1,NewOrder,1763696933,915205,197464,7,1
1,NewOrder,1763696933,954351,390018,9,1
5,StockLevel,1763696934,080010,20797,2,1
1,NewOrder,1763696934,095936,239315,8,1
2,Payment,1763696934,100848,285140,2,1
1,NewOrder,1763696934,109515,175317,6,1
5,StockLevel,1763696934,112713,37257,7,1
2,Payment,1763696934,115422,298673,3,1
2,Payment,1763696934,133362,308676,4,1
1,NewOrder,1763696934,144376,142137,1,1
1,NewOrder,1763696934,150010,192272,7,1
1,NewOrder,1763696934,169939,188283,5,1
1,NewOrder,1763696934,197648,340096,0,1
1,NewOrder,1763696934,284871,280603,6,1
1,NewOrder,1763696934,286553,336135,1,1
2,Payment,1763696934,335291,313163,8,1
2,Payment,1763696934,342320,332082,7,1
2,Payment,1763696934,344410,356080,9,1
2,Payment,1763696934,358274,366773,5,1
1,NewOrder,1763696934,386029,209857,2,1
2,Payment,1763696934,414137,339988,3,1
1,NewOrder,1763696934,442089,479167,4,1
5,StockLevel,1763696934,537784,88002,0,1
2,Payment,1763696934,565512,384358,6,1
2,Payment,1763696934,595926,387757,2,1
1,NewOrder,1763696934,622732,219026,1,1
2,Payment,1763696934,625820,388220,0,1
3,OrderStatus,1763696934,648562,14928,8,1
2,Payment,1763696934,663546,378664,8,1
1,NewOrder,1763696934,674451,192627,7,1
2,Payment,1763696934,700604,366183,9,1
5,StockLevel,1763696934,725087,12114,5,1
1,NewOrder,1763696934,737238,136085,5,1
4,Delivery,1763696934,754190,105623,3,1
4,Delivery,1763696934,841794,70207,1,1
2,Payment,1763696934,859855,236878,3,1
1,NewOrder,1763696934,867115,430541,7,1
1,NewOrder,1763696934,873369,408825,5,1
1,NewOrder,1763696934,912039,358174,1,1
1,NewOrder,1763696934,921307,459161,4,1
1,NewOrder,1763696934,949914,335601,6,1
1,NewOrder,1763696934,983733,260360,2,1
1,NewOrder,1763696935,014074,207869,0,1
1,NewOrder,1763696935,042253,449947,8,1
1,NewOrder,1763696935,066831,207554,9,1
1,NewOrder,1763696935,096775,214845,3,1
3,OrderStatus,1763696935,221983,25561,0,1
2,Payment,1763696935,244135,271699,2,1
2,Payment,1763696935,247605,296742,0,1
2,Payment,1763696935,270257,303822,1,1
4,Delivery,1763696935,274426,226976,9,1
1,NewOrder,1763696935,282236,449436,5,1
1,NewOrder,1763696935,285553,463631,6,1
1,NewOrder,1763696935,297695,452971,7,1
2,Payment,1763696935,311661,461619,3,1
1,NewOrder,1763696935,380518,316891,4,1
1,NewOrder,1763696935,492234,203139,8,1
2,Payment,1763696935,501432,300992,9,1
1,NewOrder,1763696935,515868,160369,2,1
4,Delivery,1763696935,544380,34403,0,1
2,Payment,1763696935,574117,261003,1,1
1,NewOrder,1763696935,578826,385510,0,1
4,Delivery,1763696935,676276,74358,2,1
1,NewOrder,1763696935,695405,301928,8,1
1,NewOrder,1763696935,697448,284382,4,1
1,NewOrder,1763696935,731708,232636,5,1
2,Payment,1763696935,749224,285614,6,1
2,Payment,1763696935,750668,334574,2,1
2,Payment,1763696935,750693,312465,7,1
1,NewOrder,1763696935,773320,235545,3,1
2,Payment,1763696935,802468,308000,9,1
2,Payment,1763696935,835189,302591,1,1
2,Payment,1763696935,964373,203722,5,1
2,Payment,1763696935,964375,228730,0,1
5,StockLevel,1763696935,981870,10417,4,1
1,NewOrder,1763696935,992326,334470,4,1
1,NewOrder,1763696935,997370,376927,8,1
3,OrderStatus,1763696936,008910,12306,3,1
5,StockLevel,1763696936,021252,11399,3,1
1,NewOrder,1763696936,032687,313113,3,1
2,Payment,1763696936,034883,362074,6,1
3,OrderStatus,1763696936,063201,12520,7,1
2,Payment,1763696936,075761,344533,7,1
1,NewOrder,1763696936,085282,250264,2,1
1,NewOrder,1763696936,110522,252919,9,1
1,NewOrder,1763696936,137821,150513,1,1
1,NewOrder,1763696936,168142,194075,5,1
1,NewOrder,1763696936,193166,458463,0,1
2,Payment,1763696936,288369,391958,1,1
2,Payment,1763696936,326827,382338,4,1
2,Payment,1763696936,335601,397994,2,1
1,NewOrder,1763696936,345838,199721,3,1
1,NewOrder,1763696936,362259,133491,5,1
2,Payment,1763696936,363476,392996,9,1
4,Delivery,1763696936,374339,193405,8,1
2,Payment,1763696936,396998,381354,6,1
2,Payment,1763696936,420341,380690,7,1
2,Payment,1763696936,495796,327488,5,1
1,NewOrder,1763696936,545643,454577,3,1
2,Payment,1763696936,567792,456252,8,1
2,Payment,1763696936,651672,401154,0,1
1,NewOrder,1763696936,680388,256654,1,1
2,Payment,1763696936,709207,366834,4,1
2,Payment,1763696936,733645,364239,2,1
1,NewOrder,1763696936,756510,208801,9,1
2,Payment,1763696936,778385,340605,6,1
2,Payment,1763696936,801069,339451,7,1
5,StockLevel,1763696936,823336,15184,5,1
2,Payment,1763696936,838580,326182,5,1
1,NewOrder,1763696936,937082,385604,1,1
1,NewOrder,1763696936,965349,339340,9,1
1,NewOrder,1763696937,000274,275179,3,1
1,NewOrder,1763696937,024091,343927,8,1
2,Payment,1763696937,052858,339016,0,1
1,NewOrder,1763696937,076092,234401,4,1
1,NewOrder,1763696937,097936,166592,2,1
1,NewOrder,1763696937,119030,153360,6,1
2,Payment,1763696937,140559,273491,7,1
1,NewOrder,1763696937,164806,417360,5,1
1,NewOrder,1763696937,264601,290115,2,1
2,Payment,1763696937,272430,335100,6,1
1,NewOrder,1763696937,275493,279178,3,1
2,Payment,1763696937,304747,324903,9,1
3,OrderStatus,1763696937,310537,12049,4,1
2,Payment,1763696937,322626,327875,4,1
3,OrderStatus,1763696937,322714,11051,1,1
2,Payment,1763696937,333800,341153,1,1
1,NewOrder,1763696937,368071,184466,8,1
1,NewOrder,1763696937,391925,168707,0,1
2,Payment,1763696937,414102,283922,7,1
2,Payment,1763696937,552589,166912,8,1
2,Payment,1763696937,554723,189157,3,1
1,NewOrder,1763696937,554751,430376,2,1
2,Payment,1763696937,560705,482054,0,1
1,NewOrder,1763696937,582207,437420,5,1
3,OrderStatus,1763696937,607572,11845,6,1
2,Payment,1763696937,619444,445680,6,1
2,Payment,1763696937,629701,457598,9,1
1,NewOrder,1763696937,650542,314169,4,1
1,NewOrder,1763696937,675010,216273,1,1
1,NewOrder,1763696937,698075,294880,7,1
2,Payment,1763696937,719548,392821,8,1
1,NewOrder,1763696937,743939,488177,3,1
1,NewOrder,1763696937,891323,311702,1,1
1,NewOrder,1763696937,964751,283410,4,1
2,Payment,1763696937,985164,310973,2,1
1,NewOrder,1763696937,992994,280162,7,1
1,NewOrder,1763696938,019676,237633,5,1
2,Payment,1763696938,042790,277041,0,1
1,NewOrder,1763696938,065169,194198,6,1
1,NewOrder,1763696938,087338,159223,9,1
2,Payment,1763696938,112418,232492,8,1
4,Delivery,1763696938,203064,59081,1,1
1,NewOrder,1763696938,232156,275796,3,1
1,NewOrder,1763696938,246653,279283,9,1
1,NewOrder,1763696938,248193,192397,4,1
1,NewOrder,1763696938,257346,250606,5,1
2,Payment,1763696938,259409,291183,6,1
3,OrderStatus,1763696938,262186,13131,1,1
1,NewOrder,1763696938,273210,175992,7,1
3,OrderStatus,1763696938,275353,12692,1,1
2,Payment,1763696938,288082,285797,1,1
1,NewOrder,1763696938,296186,160199,2,1
1,NewOrder,1763696938,319883,185500,0,1
1,NewOrder,1763696938,344959,322072,8,1
2,Payment,1763696938,440632,322417,4,1
2,Payment,1763696938,449247,335633,7,1
1,NewOrder,1763696938,456427,268990,2,1
3,OrderStatus,1763696938,505422,15184,0,1
2,Payment,1763696938,507992,299946,5,1
1,NewOrder,1763696938,507992,230806,3,1
2,Payment,1763696938,520643,310703,0,1
1,NewOrder,1763696938,526012,144502,9,1
2,Payment,1763696938,550632,317027,6,1
5,StockLevel,1763696938,573938,20276,1,1
1,NewOrder,1763696938,594301,448190,1,1
2,Payment,1763696938,667053,400106,8,1
1,NewOrder,1763696938,670547,347852,9,1
2,Payment,1763696938,725456,365373,2,1
2,Payment,1763696938,738856,373042,3,1
2,Payment,1763696938,763097,370930,4,1
2,Payment,1763696938,784934,371627,7,1
2,Payment,1763696938,807991,370935,5,1
1,NewOrder,1763696938,831396,144278,0,1
1,NewOrder,1763696938,867708,487888,6,1
2,Payment,1763696938,975706,404282,0,1
2,Payment,1763696939,018433,389261,9,1
2,Payment,1763696939,042532,390252,1,1
2,Payment,1763696939,067196,390648,8,1
1,NewOrder,1763696939,090907,219344,2,1
1,NewOrder,1763696939,111936,206179,3,1
3,OrderStatus,1763696939,134073,11706,4,1
1,NewOrder,1763696939,145819,128160,4,1
1,NewOrder,1763696939,156642,120196,7,1
1,NewOrder,1763696939,178979,420747,5,1
1,NewOrder,1763696939,274018,311169,4,1
1,NewOrder,1763696939,276918,281067,7,1
2,Payment,1763696939,310293,322936,2,1
1,NewOrder,1763696939,318152,226786,3,1
1,NewOrder,1763696939,355642,254165,6,1
1,NewOrder,1763696939,380030,202915,0,1
3,OrderStatus,1763696939,407742,13214,9,1
2,Payment,1763696939,420992,234501,9,1
2,Payment,1763696939,432828,245870,1,1
2,Payment,1763696939,457904,243550,8,1
2,Payment,1763696939,544982,181321,3,1
2,Payment,1763696939,558025,192284,7,1
1,NewOrder,1763696939,582985,327246,0,1
1,NewOrder,1763696939,585228,269846,4,1
2,Payment,1763696939,599762,369655,5,1
1,NewOrder,1763696939,609854,260892,6,1
1,NewOrder,1763696939,633259,241440,2,1
1,NewOrder,1763696939,655533,246977,9,1
1,NewOrder,1763696939,678755,218460,1,1
1,NewOrder,1763696939,701492,240142,8,1
2,Payment,1763696939,726345,273623,3,1
2,Payment,1763696939,750357,274326,7,1
3,OrderStatus,1763696939,855115,12375,4,1
2,Payment,1763696939,867529,182701,4,1
1,NewOrder,1763696939,870786,332580,6,1
3,OrderStatus,1763696939,874742,15212,2,1
1,NewOrder,1763696939,890002,268828,2,1
2,Payment,1763696939,897264,428751,1,1
1,NewOrder,1763696939,902553,266415,9,1
2,Payment,1763696939,910269,440784,0,1
1,NewOrder,1763696939,941689,358475,8,1
1,NewOrder,1763696939,969478,223430,5,1
1,NewOrder,1763696940,000037,185400,3,1
1,NewOrder,1763696940,024726,188046,7,1
1,NewOrder,1763696940,050275,423606,4,1
2,Payment,1763696940,158873,362027,2,1
2,Payment,1763696940,169011,380252,9,1
2,Payment,1763696940,185478,392450,3,1
1,NewOrder,1763696940,192951,259275,5,1
2,Payment,1763696940,203405,414007,6,1
1,NewOrder,1763696940,212811,257240,7,1
1,NewOrder,1763696940,300214,189552,8,1
2,Payment,1763696940,326054,316824,1,1
2,Payment,1763696940,351114,316946,0,1
5,StockLevel,1763696940,452265,13398,5,1
1,NewOrder,1763696940,465699,327632,5,1
1,NewOrder,1763696940,470089,352234,7,1
2,Payment,1763696940,473926,371263,4,1
1,NewOrder,1763696940,489806,319808,8,1
2,Payment,1763696940,520937,348753,2,1
1,NewOrder,1763696940,549305,225798,9,1
4,Delivery,1763696940,577971,116172,3,1
2,Payment,1763696940,617448,278378,6,1
2,Payment,1763696940,642917,284714,1,1
1,NewOrder,1763696940,668104,385659,0,1
1,NewOrder,1763696940,694187,420643,3,1
2,Payment,1763696940,775143,403746,9,1
1,NewOrder,1763696940,793368,319762,5,1
2,Payment,1763696940,809648,438206,8,1
2,Payment,1763696940,822361,502498,7,1
1,NewOrder,1763696940,845238,236905,4,1
1,NewOrder,1763696940,869750,186625,2,1
2,Payment,1763696940,895888,456192,6,1
1,NewOrder,1763696940,927685,616511,1,1
2,Payment,1763696941,053838,548057,0,1
1,NewOrder,1763696941,056413,434425,2,1
2,Payment,1763696941,082182,586049,4,1
2,Payment,1763696941,113174,629444,5,1
1,NewOrder,1763696941,114877,432044,3,1
1,NewOrder,1763696941,178946,309758,9,1
1,NewOrder,1763696941,247899,242937,8,1
1,NewOrder,1763696941,324905,165931,7,1
2,Payment,1763696941,352166,455096,6,1
4,Delivery,1763696941,488735,255196,9,1
2,Payment,1763696941,490872,380819,8,1
2,Payment,1763696941,490872,436539,7,1
3,OrderStatus,1763696941,490876,12408,2,1
5,StockLevel,1763696941,503314,44142,2,1
2,Payment,1763696941,544236,434560,1,1
3,OrderStatus,1763696941,546966,14172,3,1
1,NewOrder,1763696941,547488,695610,2,1
5,StockLevel,1763696941,561189,12300,3,1
1,NewOrder,1763696941,573525,612145,3,1
1,NewOrder,1763696941,601931,641022,0,1
1,NewOrder,1763696941,668279,517753,4,1
1,NewOrder,1763696941,742670,496707,5,1
2,Payment,1763696941,743964,600426,9,1
1,NewOrder,1763696941,807305,435661,6,1
1,NewOrder,1763696941,871730,264703,8,1
5,StockLevel,1763696941,927461,12294,7,1
2,Payment,1763696941,939786,460216,7,1
1,NewOrder,1763696941,978847,745920,1,1
5,StockLevel,1763696942,136491,106516,8,1
1,NewOrder,1763696942,185723,398173,3,1
1,NewOrder,1763696942,186060,371812,4,1
2,Payment,1763696942,239429,511425,5,1
2,Payment,1763696942,242996,586686,0,1
1,NewOrder,1763696942,242996,340945,6,1
2,Payment,1763696942,243045,557199,8,1
2,Payment,1763696942,243122,531604,2,1
4,Delivery,1763696942,344433,241172,9,1
2,Payment,1763696942,400047,456007,7,1
1,NewOrder,1763696942,557910,398237,4,1
1,NewOrder,1763696942,583941,413815,3,1
3,OrderStatus,1763696942,583973,39205,6,1
1,NewOrder,1763696942,585642,434594,9,1
1,NewOrder,1763696942,623224,394453,6,1
1,NewOrder,1763696942,724812,306942,1,1
2,Payment,1763696942,750892,310125,5,1
2,Payment,1763696942,774793,314767,2,1
1,NewOrder,1763696942,800295,222556,8,1
2,Payment,1763696942,829741,283899,0,1
1,NewOrder,1763696942,856107,339747,7,1
1,NewOrder,1763696942,956191,271212,4,1
2,Payment,1763696942,997800,307831,3,1
1,NewOrder,1763696943,017721,236320,6,1
1,NewOrder,1763696943,020277,242477,9,1
1,NewOrder,1763696943,022889,189287,8,1
2,Payment,1763696943,031797,303175,1,1
2,Payment,1763696943,061056,300503,5,1
1,NewOrder,1763696943,089612,184640,2,1
1,NewOrder,1763696943,113677,401168,0,1
1,NewOrder,1763696943,195895,331925,7,1
5,StockLevel,1763696943,212217,55120,8,1
2,Payment,1763696943,227436,340386,4,1
3,OrderStatus,1763696943,254123,13940,6,1
2,Payment,1763696943,262791,344098,9,1
1,NewOrder,1763696943,267376,271397,8,1
1,NewOrder,1763696943,268094,237596,6,1
2,Payment,1763696943,274294,382428,2,1
1,NewOrder,1763696943,305670,169957,3,1
1,NewOrder,1763696943,335008,127292,1,1
1,NewOrder,1763696943,361616,501405,5,1
2,Payment,1763696943,462340,441012,1,1
2,Payment,1763696943,475669,466963,3,1
1,NewOrder,1763696943,505731,272631,6,1
2,Payment,1763696943,514880,461664,0,1
3,OrderStatus,1763696943,527862,18524,7,1
1,NewOrder,1763696943,538817,301454,8,1
3,OrderStatus,1763696943,546425,14084,7,1
3,OrderStatus,1763696943,560590,18498,7,1
1,NewOrder,1763696943,567855,230022,4,1
2,Payment,1763696943,579126,430929,7,1
1,NewOrder,1763696943,606930,214747,9,1
1,NewOrder,1763696943,656766,504609,2,1
1,NewOrder,1763696943,778406,393251,6,1
1,NewOrder,1763696943,797925,417695,4,1
2,Payment,1763696943,821718,489294,9,1
2,Payment,1763696943,840314,511476,8,1
4,Delivery,1763696943,863062,188588,5,1
1,NewOrder,1763696943,903395,373162,1,1
1,NewOrder,1763696943,942689,196353,3,1
1,NewOrder,1763696943,976640,215179,0,1
2,Payment,1763696944,010097,386908,7,1
2,Payment,1763696944,051816,371626,5,1
3,OrderStatus,1763696944,139115,19021,3,1
1,NewOrder,1763696944,158176,404106,3,1
1,NewOrder,1763696944,161416,415522,2,1
1,NewOrder,1763696944,171696,374082,6,1
4,Delivery,1763696944,191915,36616,0,1
1,NewOrder,1763696944,215697,293588,4,1
2,Payment,1763696944,228572,379448,0,1
4,Delivery,1763696944,276668,75182,1,1
2,Payment,1763696944,311055,324436,9,1
1,NewOrder,1763696944,351831,212879,8,1
1,NewOrder,1763696944,351868,168453,1,1
2,Payment,1763696944,397032,266405,7,1
1,NewOrder,1763696944,423482,335179,5,1
1,NewOrder,1763696944,509324,297452,4,1
2,Payment,1763696944,520361,341523,1,1
3,OrderStatus,1763696944,545817,13035,6,1
2,Payment,1763696944,558891,332442,6,1
5,StockLevel,1763696944,562317,23187,3,1
1,NewOrder,1763696944,564747,270095,8,1
2,Payment,1763696944,576979,350312,2,1
1,NewOrder,1763696944,585541,210142,3,1
1,NewOrder,1763696944,608062,194211,0,1
2,Payment,1763696944,635532,323918,9,1
2,Payment,1763696944,663498,325770,7,1
1,NewOrder,1763696944,758705,358816,5,1
2,Payment,1763696944,795723,381022,3,1
2,Payment,1763696944,802311,411714,0,1
1,NewOrder,1763696944,806814,342803,4,1
2,Payment,1763696944,834883,411940,8,1
2,Payment,1763696944,861923,411163,1,1
1,NewOrder,1763696944,891374,240388,6,1
3,OrderStatus,1763696944,927331,14632,2,1
2,Payment,1763696944,942004,355926,2,1
1,NewOrder,1763696944,959490,131287,9,1
2,Payment,1763696944,989310,332419,7,1
2,Payment,1763696945,090815,255031,9,1
2,Payment,1763696945,117575,252612,5,1
1,NewOrder,1763696945,131802,419480,6,1
1,NewOrder,1763696945,149657,410081,4,1
2,Payment,1763696945,176783,502591,3,1
1,NewOrder,1763696945,214068,433995,0,1
2,Payment,1763696945,246898,456477,8,1
1,NewOrder,1763696945,273131,281955,1,1
1,NewOrder,1763696945,297965,198239,2,1
2,Payment,1763696945,321763,404534,7,1
1,NewOrder,1763696945,345886,163557,9,1
2,Payment,1763696945,370267,378310,5,1
2,Payment,1763696945,496244,276750,2,1
1,NewOrder,1763696945,509482,399215,9,1
1,NewOrder,1763696945,551311,428079,6,1
1,NewOrder,1763696945,555126,353576,1,1
1,NewOrder,1763696945,559784,344307,4,1
4,Delivery,1763696945,648112,29683,0,1
2,Payment,1763696945,677828,350480,0,1
5,StockLevel,1763696945,679413,10613,3,1
1,NewOrder,1763696945,690066,229329,3,1
1,NewOrder,1763696945,703414,205287,8,1
1,NewOrder,1763696945,726336,271128,7,1
1,NewOrder,1763696945,748623,146426,5,1
1,NewOrder,1763696945,773034,411458,2,1
1,NewOrder,1763696945,895093,259877,5,1
1,NewOrder,1763696945,904134,266422,4,1
1,NewOrder,1763696945,908740,263047,9,1
2,Payment,1763696945,908743,299254,1,1
1,NewOrder,1763696945,908797,201320,8,1
2,Payment,1763696945,919429,312688,3,1
2,Payment,1763696945,979433,277668,6,1
1,NewOrder,1763696945,997506,114170,7,1
1,NewOrder,1763696946,028348,414376,0,1
1,NewOrder,1763696946,110158,272267,8,1
1,NewOrder,1763696946,111715,292989,7,1
1,NewOrder,1763696946,155010,269984,5,1
2,Payment,1763696946,170650,303893,4,1
3,OrderStatus,1763696946,171828,12909,9,1
2,Payment,1763696946,184530,313948,2,1
1,NewOrder,1763696946,184758,219307,9,1
3,OrderStatus,1763696946,208035,12718,1,1
5,StockLevel,1763696946,220789,10816,1,1
2,Payment,1763696946,231646,290944,1,1
5,StockLevel,1763696946,232148,9788,3,1
1,NewOrder,1763696946,241980,160286,3,1
1,NewOrder,1763696946,257196,451252,6,1
1,NewOrder,1763696946,382470,290720,8,1
1,NewOrder,1763696946,402298,401330,3,1
2,Payment,1763696946,404096,431789,9,1
4,Delivery,1763696946,404728,226946,7,1
2,Payment,1763696946,425031,433969,5,1
2,Payment,1763696946,442762,447875,0,1
1,NewOrder,1763696946,474627,150629,4,1
1,NewOrder,1763696946,498520,204969,2,1
1,NewOrder,1763696946,522622,508697,1,1
1,NewOrder,1763696946,625291,438356,4,1
2,Payment,1763696946,631708,555684,7,1
1,NewOrder,1763696946,673231,346096,8,1
1,NewOrder,1763696946,703527,370430,2,1
1,NewOrder,1763696946,708485,352921,6,1
2,Payment,1763696946,803692,405796,3,1
1,NewOrder,1763696946,835933,192964,9,1
1,NewOrder,1763696946,859047,305977,5,1
1,NewOrder,1763696946,890749,476350,0,1
2,Payment,1763696947,019371,371809,8,1
2,Payment,1763696947,028941,386310,9,1
2,Payment,1763696947,031357,405466,1,1
1,NewOrder,1763696947,061444,260040,6,1
1,NewOrder,1763696947,063708,305352,4,1
3,OrderStatus,1763696947,073997,11374,2,1
1,NewOrder,1763696947,085406,237751,2,1
1,NewOrder,1763696947,165062,187754,5,1
1,NewOrder,1763696947,187443,136183,7,1
2,Payment,1763696947,209540,249570,3,1
1,NewOrder,1763696947,321526,287230,6,1
4,Delivery,1763696947,323194,66602,2,1
2,Payment,1763696947,323663,163444,7,1
2,Payment,1763696947,352861,278005,5,1
2,Payment,1763696947,367135,287217,0,1
2,Payment,1763696947,369095,311589,4,1
2,Payment,1763696947,389834,312166,2,1
2,Payment,1763696947,391228,333556,8,1
1,NewOrder,1763696947,415311,149763,9,1
2,Payment,1763696947,436873,310230,1,1
2,Payment,1763696947,459150,310061,3,1
5,StockLevel,1763696947,487148,11131,7,1
3,OrderStatus,1763696947,498322,12664,7,1
2,Payment,1763696947,511022,283975,7,1
1,NewOrder,1763696947,565117,376171,9,1
1,NewOrder,1763696947,608798,313550,6,1
1,NewOrder,1763696947,630907,302858,5,1
2,Payment,1763696947,654390,373257,0,1
1,NewOrder,1763696947,680719,231174,4,1
1,NewOrder,1763696947,702038,257649,2,1
1,NewOrder,1763696947,724829,240458,8,1
1,NewOrder,1763696947,747137,251860,1,1
1,NewOrder,1763696947,769244,128943,3,1
1,NewOrder,1763696947,795037,337224,7,1
1,NewOrder,1763696947,898220,240698,3,1
2,Payment,1763696947,911927,311000,4,1
1,NewOrder,1763696947,922394,198088,6,1
1,NewOrder,1763696947,933805,196337,5,1
1,NewOrder,1763696947,941330,258547,9,1
2,Payment,1763696947,959727,289086,2,1
1,NewOrder,1763696947,965322,179967,8,1
2,Payment,1763696947,999039,275725,1,1
2,Payment,1763696948,027686,274952,0,1
2,Payment,1763696948,120522,208144,6,1
4,Delivery,1763696948,130184,137649,5,1
1,NewOrder,1763696948,132294,320695,7,1
1,NewOrder,1763696948,138958,299238,3,1
2,Payment,1763696948,145327,512269,8,1
4,Delivery,1763696948,199915,314912,9,1
1,NewOrder,1763696948,222965,272676,4,1
1,NewOrder,1763696948,248853,385309,2,1
1,NewOrder,1763696948,267875,168863,5,1
1,NewOrder,1763696948,274798,333044,1,1
1,NewOrder,1763696948,302676,291499,0,1
1,NewOrder,1763696948,328700,405702,6,1
2,Payment,1763696948,436777,392553,5,1
2,Payment,1763696948,438234,424975,3,1
1,NewOrder,1763696948,453030,280077,7,1
2,Payment,1763696948,495679,411029,4,1
2,Payment,1763696948,514867,429018,9,1
1,NewOrder,1763696948,594217,159454,0,1
1,NewOrder,1763696948,607882,197784,1,1
2,Payment,1763696948,634202,342538,2,1
2,Payment,1763696948,657641,354039,8,1
2,Payment,1763696948,733147,317056,7,1
1,NewOrder,1763696948,734458,426856,6,1
1,NewOrder,1763696948,753711,406254,0,1
1,NewOrder,1763696948,805706,394032,1,1
2,Payment,1763696948,829372,395110,5,1
2,Payment,1763696948,863250,387465,3,1
1,NewOrder,1763696948,906748,291280,4,1
2,Payment,1763696948,943924,335822,9,1
2,Payment,1763696948,976777,333878,2,1
2,Payment,1763696949,011713,325495,8,1
1,NewOrder,1763696949,050248,433056,7,1
4,Delivery,1763696949,160007,28580,0,1
2,Payment,1763696949,161352,350782,6,1
2,Payment,1763696949,188633,351993,0,1
4,Delivery,1763696949,198070,125622,4,1
1,NewOrder,1763696949,199783,245399,1,1
2,Payment,1763696949,224531,339519,5,1
2,Payment,1763696949,250765,341199,3,1
2,Payment,1763696949,279835,337616,9,1
2,Payment,1763696949,310693,327816,2,1
2,Payment,1763696949,323732,337355,4,1
2,Payment,1763696949,337250,348108,8,1
3,OrderStatus,1763696949,445223,15258,1,1
1,NewOrder,1763696949,460532,359104,1,1
2,Payment,1763696949,483349,363882,7,1
1,NewOrder,1763696949,512183,285741,6,1
1,NewOrder,1763696949,540671,263682,0,1
2,Payment,1763696949,564088,307246,5,1
1,NewOrder,1763696949,592004,232499,3,1
1,NewOrder,1763696949,617498,161592,9,1
2,Payment,1763696949,638548,261040,2,1
3,OrderStatus,1763696949,661126,13328,4,1
2,Payment,1763696949,674497,252018,4,1
2,Payment,1763696949,685412,270189,8,1
1,NewOrder,1763696949,779129,292907,9,1
5,StockLevel,1763696949,797957,29254,6,1
4,Delivery,1763696949,804385,28867,0,1
2,Payment,1763696949,819674,318189,1,1
2,Payment,1763696949,824535,335229,3,1
1,NewOrder,1763696949,827239,287976,6,1
3,OrderStatus,1763696949,833289,11270,0,1
2,Payment,1763696949,844638,345852,0,1
2,Payment,1763696949,847257,374151,7,1
3,OrderStatus,1763696949,871391,15233,5,1
2,Payment,1763696949,886656,364970,5,1
1,NewOrder,1763696949,899655,202941,2,1
5,StockLevel,1763696949,926590,12439,4,1
1,NewOrder,1763696949,939066,116905,4,1
5,StockLevel,1763696950,190539,15703,0,1
3,OrderStatus,1763696950,251665,14661,5,1
